-- phpMyAdmin SQL Dump
-- version 5.2.1
-- https://www.phpmyadmin.net/
--
-- Host: localhost:3306
-- Tempo de geração: 01/10/2023 às 16:42
-- Versão do servidor: 10.5.20-MariaDB
-- Versão do PHP: 7.3.33

SET SQL_MODE = "NO_AUTO_VALUE_ON_ZERO";
START TRANSACTION;
SET time_zone = "+00:00";


/*!40101 SET @OLD_CHARACTER_SET_CLIENT=@@CHARACTER_SET_CLIENT */;
/*!40101 SET @OLD_CHARACTER_SET_RESULTS=@@CHARACTER_SET_RESULTS */;
/*!40101 SET @OLD_COLLATION_CONNECTION=@@COLLATION_CONNECTION */;
/*!40101 SET NAMES utf8mb4 */;

--
-- Banco de dados: `id20976901_smdquests`
--

-- --------------------------------------------------------

--
-- Estrutura para tabela `certificados`
--

CREATE TABLE `certificados` (
  `id_certificado` int(11) NOT NULL,
  `id_usuario` int(11) NOT NULL,
  `ch_resgatada` int(11) NOT NULL
) ENGINE=InnoDB DEFAULT CHARSET=utf8 COLLATE=utf8_general_ci;

--
-- Despejando dados para a tabela `certificados`
--

INSERT INTO `certificados` (`id_certificado`, `id_usuario`, `ch_resgatada`) VALUES
(1, 17, 2),
(5, 17, 1),
(6, 40, 1),
(7, 17, 1),
(8, 17, 12),
(9, 17, 1),
(10, 17, 1),
(11, 17, 12),
(12, 17, 1);

-- --------------------------------------------------------

--
-- Estrutura para tabela `historico`
--

CREATE TABLE `historico` (
  `id_historico` int(11) NOT NULL,
  `id_usuario` int(11) NOT NULL,
  `id_questionario` int(11) NOT NULL
) ENGINE=InnoDB DEFAULT CHARSET=utf8 COLLATE=utf8_general_ci;

--
-- Despejando dados para a tabela `historico`
--

INSERT INTO `historico` (`id_historico`, `id_usuario`, `id_questionario`) VALUES
(8, 40, 1),
(9, 17, 1),
(10, 38, 1),
(11, 38, 1),
(13, 48, 5),
(14, 17, 2),
(15, 17, 1),
(16, 57, 5),
(17, 58, 2);

-- --------------------------------------------------------

--
-- Estrutura para tabela `interesses`
--

CREATE TABLE `interesses` (
  `id_interesse` int(11) NOT NULL,
  `id_usuario` int(11) NOT NULL,
  `id_tema` int(11) NOT NULL
) ENGINE=InnoDB DEFAULT CHARSET=latin1 COLLATE=latin1_swedish_ci;

--
-- Despejando dados para a tabela `interesses`
--

INSERT INTO `interesses` (`id_interesse`, `id_usuario`, `id_tema`) VALUES
(1, 1, 1),
(3, 3, 3),
(4, 1, 5),
(6, 6, 9),
(14, 15, 1),
(15, 15, 2),
(16, 15, 3),
(17, 15, 4),
(18, 15, 5),
(19, 16, 1),
(20, 16, 2),
(21, 16, 3),
(22, 16, 4),
(23, 16, 5),
(27, 18, 7),
(28, 18, 8),
(29, 18, 9),
(30, 19, 1),
(31, 19, 3),
(32, 19, 5),
(33, 19, 6),
(34, 20, 5),
(35, 20, 6),
(36, 20, 7),
(37, 20, 8),
(38, 20, 10),
(42, 26, 5),
(43, 26, 6),
(44, 26, 8),
(45, 27, 5),
(46, 27, 6),
(47, 27, 8),
(48, 28, 5),
(49, 28, 6),
(50, 28, 8),
(51, 29, 5),
(52, 29, 6),
(53, 29, 8),
(54, 30, 5),
(55, 30, 6),
(56, 30, 8),
(57, 31, 5),
(58, 31, 6),
(59, 31, 8),
(63, 33, 2),
(64, 33, 3),
(65, 33, 5),
(66, 33, 7),
(67, 34, 1),
(68, 34, 3),
(69, 34, 4),
(70, 35, 1),
(71, 35, 2),
(72, 35, 3),
(73, 35, 4),
(74, 36, 5),
(75, 36, 6),
(76, 36, 8),
(77, 37, 1),
(78, 37, 6),
(79, 37, 7),
(80, 37, 9),
(81, 37, 10),
(87, 39, 1),
(88, 39, 2),
(139, 48, 6),
(140, 48, 7),
(141, 48, 10),
(152, 49, 1),
(153, 49, 6),
(154, 49, 7),
(155, 49, 9),
(156, 38, 1),
(157, 38, 2),
(158, 38, 3),
(162, 32, 1),
(163, 32, 6),
(164, 32, 7),
(176, 57, 1),
(177, 57, 4),
(178, 57, 7),
(179, 57, 9),
(180, 58, 1),
(181, 58, 4),
(182, 58, 6),
(183, 58, 7),
(184, 58, 9),
(217, 59, 1),
(218, 59, 6),
(219, 59, 7),
(220, 59, 10),
(221, 40, 3),
(222, 40, 4),
(223, 40, 5),
(224, 40, 7),
(232, 17, 1),
(233, 17, 2),
(234, 17, 3),
(235, 17, 4),
(236, 17, 5),
(237, 17, 7),
(238, 17, 10);

-- --------------------------------------------------------

--
-- Estrutura para tabela `pesquisas`
--

CREATE TABLE `pesquisas` (
  `id_pesquisa` int(11) NOT NULL,
  `data_inicio` date NOT NULL,
  `data_final` date NOT NULL,
  `titulo` varchar(45) NOT NULL,
  `instituicao` varchar(45) DEFAULT NULL,
  `id_usuario` int(11) DEFAULT NULL
) ENGINE=InnoDB DEFAULT CHARSET=latin1 COLLATE=latin1_swedish_ci;

--
-- Despejando dados para a tabela `pesquisas`
--

INSERT INTO `pesquisas` (`id_pesquisa`, `data_inicio`, `data_final`, `titulo`, `instituicao`, `id_usuario`) VALUES
(1, '2023-05-22', '2023-05-28', 'Pesquisa de Usabilidade', 'UFC', 1),
(2, '2023-06-09', '2023-06-22', 'Pesquisa de Satisfação', 'UFC', 6),
(3, '2023-06-21', '2023-06-30', 'Pesquisa de Satifação do quests', 'SMD', 3);

-- --------------------------------------------------------

--
-- Estrutura para tabela `questionarios`
--

CREATE TABLE `questionarios` (
  `id_questionario` int(11) NOT NULL,
  `titulo` varchar(45) NOT NULL,
  `autor` varchar(255) CHARACTER SET utf8 COLLATE utf8_bin NOT NULL,
  `instituicao` varchar(255) NOT NULL,
  `data_inicio` date NOT NULL,
  `data_final` date NOT NULL,
  `descricao` varchar(255) NOT NULL,
  `link` varchar(255) NOT NULL,
  `pontuacao` int(11) NOT NULL,
  `id_pesquisa` int(11) DEFAULT NULL
) ENGINE=InnoDB DEFAULT CHARSET=latin1 COLLATE=latin1_swedish_ci;

--
-- Despejando dados para a tabela `questionarios`
--

INSERT INTO `questionarios` (`id_questionario`, `titulo`, `autor`, `instituicao`, `data_inicio`, `data_final`, `descricao`, `link`, `pontuacao`, `id_pesquisa`) VALUES
(1, 'UX Resarch Quests', 'Linos Design da Silva', 'UFC', '2023-05-22', '2023-05-28', 'ABBSBBABBABBA', 'aaaaaaa.com.br', 10, 1),
(2, 'Análise de Necessidades Quests', 'Teste Bittencourt', 'UFC', '2023-05-23', '2023-05-31', 'WWIJIJDJDI', 'aaaaaaaaaa.com.br', 20, 1),
(3, 'Nível de Satisfação RU', 'Vitorinha do Papoco', 'UFC', '2023-06-09', '2023-06-19', 'KDEMPJEPOJF', 'bbbbbb.com.br', 15, 2),
(4, 'Teste de Usabilidade', 'Luiz Gonzaga', 'UFC', '2023-06-07', '2023-06-30', 'Testar os negócio lá de uso', 'askdmalskd.com', 20, 1),
(5, 'Teste 1 quests', 'Júlio Lima', 'SMD', '2023-06-21', '2023-06-28', 'Pesquisa para os primeiros usuários do quests', 'https://docs.google.com/forms/d/e/1FAIpQLSfxD70VB-KiKdJA7OuyiFvxynUxvu6jll7orJoqgxmnpE4CIQ/viewform', 20, 3),
(6, 'Usabilidade do Sigaa', 'Mickael Castro', 'SMD', '2023-06-22', '2023-06-30', 'Testando aquela bomba pra ver se rola um redesign', 'http://www.github.com/smdlinos', 40, 3);

-- --------------------------------------------------------

--
-- Estrutura para tabela `recompensas`
--

CREATE TABLE `recompensas` (
  `id_recompensa` int(11) NOT NULL,
  `recompensa` varchar(255) NOT NULL
) ENGINE=InnoDB DEFAULT CHARSET=latin1 COLLATE=latin1_swedish_ci;

--
-- Despejando dados para a tabela `recompensas`
--

INSERT INTO `recompensas` (`id_recompensa`, `recompensa`) VALUES
(1, 'default'),
(2, 'koala'),
(3, 'urso'),
(4, 'leão'),
(5, 'tigre'),
(6, 'passarinho'),
(7, 'pinguim');

-- --------------------------------------------------------

--
-- Estrutura para tabela `respostas`
--

CREATE TABLE `respostas` (
  `id_resposta` int(11) NOT NULL,
  `data_resposta` date NOT NULL,
  `hora_resposta` time NOT NULL,
  `pontuacao` int(11) NOT NULL,
  `pesquisa` int(11) NOT NULL,
  `questionario` int(11) NOT NULL,
  `usuario` int(11) DEFAULT NULL,
  `code` varchar(6) CHARACTER SET utf8 COLLATE utf8_general_ci DEFAULT NULL,
  `resgatado` tinyint(1) NOT NULL DEFAULT 0
) ENGINE=InnoDB DEFAULT CHARSET=latin1 COLLATE=latin1_swedish_ci;

--
-- Despejando dados para a tabela `respostas`
--

INSERT INTO `respostas` (`id_resposta`, `data_resposta`, `hora_resposta`, `pontuacao`, `pesquisa`, `questionario`, `usuario`, `code`, `resgatado`) VALUES
(2, '2023-05-20', '00:00:00', 15, 2, 3, 1, '123456', 0),
(3, '2023-05-20', '10:25:00', 15, 2, 3, 1, '356469', 1),
(4, '2023-05-21', '10:30:15', 15, 2, 3, 9, '697766', 1),
(5, '2023-05-21', '11:59:00', 20, 1, 1, 3, '988765', 1),
(6, '2023-07-01', '00:00:00', 20, 1, 2, NULL, '031234', 1),
(7, '2004-03-30', '07:00:00', 20, 3, 5, NULL, '565678', 1),
(8, '2023-05-07', '22:09:32', 20, 3, 5, NULL, '691140', 1),
(9, '2023-05-07', '22:13:19', 20, 3, 5, NULL, '830736', 0),
(10, '2023-05-07', '22:20:08', 20, 3, 5, NULL, '558057', 0),
(11, '2023-05-07', '22:21:35', 20, 3, 5, NULL, '260668', 0),
(12, '2023-05-07', '22:33:04', 20, 3, 5, NULL, '739009', 0),
(13, '2023-05-07', '22:33:56', 20, 3, 5, NULL, '316277', 0),
(14, '2023-05-07', '22:34:29', 20, 3, 5, NULL, '997934', 0),
(15, '2023-05-07', '22:34:45', 20, 3, 5, NULL, '480009', 0),
(16, '2023-05-07', '22:36:02', 20, 3, 5, NULL, '875055', 0),
(17, '2023-05-07', '22:36:05', 20, 3, 5, NULL, '949763', 0),
(18, '2023-05-07', '22:46:24', 20, 3, 5, NULL, '750670', 0),
(19, '2023-05-07', '22:46:56', 20, 3, 5, NULL, '991578', 0),
(20, '2023-05-07', '22:48:11', 20, 3, 5, NULL, '601348', 0),
(21, '2023-05-07', '22:48:15', 20, 3, 5, NULL, '754336', 0),
(22, '2023-05-07', '22:48:23', 20, 3, 5, NULL, '616501', 0),
(23, '2023-05-07', '22:49:05', 20, 3, 5, NULL, '698896', 0),
(24, '2023-05-07', '23:11:57', 20, 3, 5, NULL, '565676', 0),
(25, '2023-05-07', '23:12:22', 20, 3, 5, NULL, '423680', 0),
(26, '2023-05-07', '23:12:42', 20, 3, 5, NULL, '516557', 0),
(27, '2023-05-07', '23:15:21', 20, 3, 5, NULL, '745824', 0),
(28, '2023-05-07', '23:19:02', 20, 3, 5, NULL, '172919', 0),
(29, '2023-05-07', '23:24:38', 20, 3, 5, NULL, '815668', 0),
(30, '2023-05-07', '23:25:22', 20, 3, 5, NULL, '158540', 0),
(31, '2023-05-07', '23:26:14', 20, 3, 5, NULL, '214291', 0),
(32, '2023-05-07', '23:29:44', 20, 3, 5, NULL, '871914', 0),
(33, '2023-05-07', '23:29:49', 20, 3, 5, NULL, '975004', 0),
(34, '2023-05-07', '23:53:34', 20, 3, 5, NULL, '510650', 0),
(35, '2023-05-07', '23:53:38', 20, 3, 5, NULL, '814176', 0),
(36, '2023-06-07', '00:01:16', 20, 3, 5, NULL, '932956', 0),
(37, '2023-06-07', '00:06:37', 20, 3, 5, NULL, '376618', 0),
(38, '2023-06-07', '13:23:27', 20, 3, 5, NULL, '208268', 0),
(39, '2023-06-07', '14:38:39', 20, 3, 5, NULL, '122102', 0),
(40, '2023-06-07', '16:38:37', 20, 3, 5, NULL, '182922', 0),
(41, '2023-06-07', '18:38:38', 20, 3, 5, NULL, '571375', 0),
(42, '2023-06-07', '20:38:38', 20, 3, 5, NULL, '581614', 0),
(43, '2023-06-07', '22:38:37', 20, 3, 5, NULL, '874679', 0),
(44, '2023-07-07', '00:38:38', 20, 3, 5, NULL, '617526', 0),
(45, '2023-07-07', '02:38:37', 20, 3, 5, NULL, '263165', 0),
(46, '2023-07-07', '04:38:37', 20, 3, 5, NULL, '811441', 0),
(47, '2023-07-07', '06:38:37', 20, 3, 5, NULL, '378125', 0),
(48, '2023-07-07', '08:38:38', 20, 3, 5, NULL, '643970', 0),
(49, '2023-07-07', '10:38:37', 20, 3, 5, NULL, '898937', 0),
(50, '2023-07-07', '12:38:38', 20, 3, 5, NULL, '949272', 0),
(51, '2023-07-07', '14:38:38', 20, 3, 5, NULL, '864670', 0),
(52, '2023-07-07', '16:38:38', 20, 3, 5, NULL, '236395', 0),
(53, '2023-07-07', '18:38:38', 20, 3, 5, NULL, '192425', 0),
(54, '2023-07-07', '20:38:39', 20, 3, 5, NULL, '552351', 0),
(55, '2023-07-07', '22:38:38', 20, 3, 5, NULL, '922955', 0),
(56, '2023-07-07', '23:50:48', 20, 3, 5, NULL, '742425', 0),
(57, '2023-08-07', '02:38:37', 20, 3, 5, NULL, '648478', 0),
(58, '2023-08-07', '04:38:38', 20, 3, 5, NULL, '934420', 0),
(59, '2023-08-07', '06:38:38', 20, 3, 5, NULL, '117949', 0),
(60, '2023-08-07', '08:38:38', 20, 3, 5, NULL, '370411', 0),
(61, '2023-08-07', '10:38:37', 20, 3, 5, NULL, '365745', 0),
(62, '2023-08-07', '14:38:37', 20, 3, 5, NULL, '502117', 0),
(63, '2023-08-07', '16:38:38', 20, 3, 5, NULL, '885241', 0),
(64, '2023-08-07', '18:38:38', 20, 3, 5, NULL, '191351', 0),
(65, '2023-08-07', '20:38:37', 20, 3, 5, NULL, '868609', 0),
(66, '2023-08-07', '22:38:37', 20, 3, 5, NULL, '332409', 0),
(67, '2023-09-07', '02:38:37', 20, 3, 5, NULL, '616832', 0),
(68, '2023-09-07', '04:38:37', 20, 3, 5, NULL, '245470', 0),
(69, '2023-09-07', '06:38:38', 20, 3, 5, NULL, '639976', 0),
(70, '2023-09-07', '08:38:37', 20, 3, 5, NULL, '631463', 0),
(71, '2023-09-07', '10:38:38', 20, 3, 5, NULL, '514428', 0),
(72, '2023-09-07', '12:38:38', 20, 3, 5, NULL, '530044', 0),
(73, '2023-09-07', '14:38:38', 20, 3, 5, NULL, '539080', 0),
(74, '2023-09-07', '16:38:38', 20, 3, 5, NULL, '965221', 0),
(75, '2023-09-07', '18:38:37', 20, 3, 5, NULL, '333545', 0),
(76, '2023-09-07', '20:38:37', 20, 3, 5, NULL, '730877', 0),
(77, '2023-09-07', '22:38:37', 20, 3, 5, NULL, '816834', 0),
(78, '2023-09-07', '23:58:03', 20, 3, 5, NULL, '605937', 1),
(79, '2023-10-07', '02:38:38', 20, 3, 5, NULL, '334707', 0),
(80, '2023-10-07', '04:38:37', 20, 3, 5, NULL, '220365', 0),
(81, '2023-10-07', '06:38:37', 20, 3, 5, NULL, '865264', 0),
(82, '2023-10-07', '08:38:37', 20, 3, 5, NULL, '691108', 0),
(83, '2023-10-07', '10:33:21', 20, 3, 5, NULL, '349230', 1),
(84, '2023-10-07', '10:38:37', 20, 3, 5, NULL, '475224', 0),
(85, '2023-10-07', '12:38:37', 20, 3, 5, NULL, '218507', 0),
(86, '2023-10-07', '14:38:37', 20, 3, 5, NULL, '623911', 0),
(87, '2023-10-07', '16:38:38', 20, 3, 5, NULL, '212478', 0),
(88, '2023-10-07', '18:38:37', 20, 3, 5, NULL, '868693', 0),
(89, '2023-10-07', '20:38:38', 20, 3, 5, NULL, '708002', 0),
(90, '2023-11-07', '04:38:38', 20, 3, 5, NULL, '462771', 0),
(91, '2023-11-07', '06:38:37', 20, 3, 5, NULL, '395873', 0),
(92, '2023-11-07', '10:38:37', 20, 3, 5, NULL, '886817', 0),
(93, '2023-11-07', '12:38:38', 20, 3, 5, NULL, '147746', 0),
(94, '2023-11-07', '14:38:37', 20, 3, 5, NULL, '641819', 0),
(95, '2023-11-07', '16:38:37', 20, 3, 5, NULL, '491206', 0),
(96, '2023-11-07', '18:38:37', 20, 3, 5, NULL, '243312', 0),
(97, '2023-11-07', '20:38:37', 20, 3, 5, NULL, '178385', 0),
(98, '2023-11-07', '22:38:38', 20, 3, 5, NULL, '992194', 0),
(99, '2023-12-07', '00:38:38', 20, 3, 5, NULL, '929251', 0),
(100, '2023-12-07', '02:38:38', 20, 3, 5, NULL, '707758', 0),
(101, '2023-12-07', '04:38:38', 20, 3, 5, NULL, '578524', 0),
(102, '2023-12-07', '06:38:38', 20, 3, 5, NULL, '634172', 0),
(103, '2023-12-07', '08:38:37', 20, 3, 5, NULL, '647826', 0),
(104, '2023-12-07', '12:38:37', 20, 3, 5, NULL, '453010', 0),
(105, '2023-12-07', '14:38:37', 20, 3, 5, NULL, '555433', 0),
(106, '2023-12-07', '16:38:37', 20, 3, 5, NULL, '167237', 0),
(107, '2023-12-07', '18:38:38', 20, 3, 5, NULL, '172815', 0),
(108, '2023-12-07', '22:38:38', 20, 3, 5, NULL, '239164', 0),
(109, '1970-01-01', '00:38:37', 20, 3, 5, NULL, '840106', 0),
(110, '1970-01-01', '02:38:38', 20, 3, 5, NULL, '164976', 0),
(111, '1970-01-01', '04:38:37', 20, 3, 5, NULL, '728190', 0),
(112, '1970-01-01', '06:38:38', 20, 3, 5, NULL, '584656', 0),
(113, '1970-01-01', '08:38:38', 20, 3, 5, NULL, '395802', 0),
(114, '1970-01-01', '10:38:38', 20, 3, 5, NULL, '205487', 0),
(115, '1970-01-01', '12:38:37', 20, 3, 5, NULL, '816708', 0),
(116, '1970-01-01', '14:38:37', 20, 3, 5, NULL, '967390', 0),
(117, '1970-01-01', '16:38:37', 20, 3, 5, NULL, '814407', 0),
(118, '1970-01-01', '18:38:37', 20, 3, 5, NULL, '276713', 0),
(119, '1970-01-01', '20:38:38', 20, 3, 5, NULL, '778835', 0),
(120, '1970-01-01', '22:38:37', 20, 3, 5, NULL, '447985', 0),
(121, '1970-01-01', '00:38:37', 20, 3, 5, NULL, '667536', 0),
(122, '1970-01-01', '02:39:03', 20, 3, 5, NULL, '745724', 0),
(123, '1970-01-01', '04:38:38', 20, 3, 5, NULL, '707189', 0),
(124, '1970-01-01', '06:38:38', 20, 3, 5, NULL, '900536', 0),
(125, '1970-01-01', '08:38:38', 20, 3, 5, NULL, '921104', 0),
(126, '1970-01-01', '10:38:37', 20, 3, 5, NULL, '758211', 0),
(127, '1970-01-01', '14:38:38', 20, 3, 5, NULL, '688386', 0),
(128, '1970-01-01', '16:38:37', 20, 3, 5, NULL, '129513', 0),
(129, '1970-01-01', '18:38:37', 20, 3, 5, NULL, '561761', 0),
(130, '1970-01-01', '20:38:37', 20, 3, 5, NULL, '632743', 0),
(131, '1970-01-01', '22:38:37', 20, 3, 5, NULL, '484246', 0),
(132, '1970-01-01', '00:38:37', 20, 3, 5, NULL, '454174', 0),
(133, '1970-01-01', '02:38:38', 20, 3, 5, NULL, '997520', 0),
(134, '1970-01-01', '04:38:37', 20, 3, 5, NULL, '634144', 0),
(135, '1970-01-01', '06:38:37', 20, 3, 5, NULL, '370997', 0),
(136, '1970-01-01', '08:38:37', 20, 3, 5, NULL, '450434', 0),
(137, '1970-01-01', '10:38:37', 20, 3, 5, NULL, '862621', 0),
(138, '1970-01-01', '12:38:37', 20, 3, 5, NULL, '184433', 0),
(139, '1970-01-01', '14:38:37', 20, 3, 5, NULL, '546211', 0),
(140, '1970-01-01', '16:38:37', 20, 3, 5, NULL, '935408', 0),
(141, '1970-01-01', '18:38:37', 20, 3, 5, NULL, '613852', 0),
(142, '1970-01-01', '20:38:37', 20, 3, 5, NULL, '689923', 0),
(143, '1970-01-01', '22:38:38', 20, 3, 5, NULL, '225550', 0),
(144, '1970-01-01', '00:38:37', 20, 3, 5, NULL, '779216', 0),
(145, '1970-01-01', '02:38:38', 20, 3, 5, NULL, '716689', 0),
(146, '1970-01-01', '04:38:38', 20, 3, 5, NULL, '380721', 0),
(147, '1970-01-01', '06:38:37', 20, 3, 5, NULL, '697635', 0),
(148, '1970-01-01', '08:38:38', 20, 3, 5, NULL, '780473', 0),
(149, '1970-01-01', '10:38:38', 20, 3, 5, NULL, '301937', 0),
(150, '1970-01-01', '12:38:37', 20, 3, 5, NULL, '677546', 0),
(151, '1970-01-01', '14:38:37', 20, 3, 5, NULL, '421534', 0),
(152, '1970-01-01', '16:38:37', 20, 3, 5, NULL, '469531', 0),
(153, '1970-01-01', '18:38:38', 20, 3, 5, NULL, '401267', 0),
(154, '1970-01-01', '20:38:37', 20, 3, 5, NULL, '257616', 0),
(155, '1970-01-01', '22:38:38', 20, 3, 5, NULL, '491597', 0),
(156, '1970-01-01', '00:38:37', 20, 3, 5, NULL, '583295', 0),
(157, '1970-01-01', '02:38:39', 20, 3, 5, NULL, '393841', 0),
(158, '1970-01-01', '04:38:37', 20, 3, 5, NULL, '688210', 0),
(159, '1970-01-01', '06:38:38', 20, 3, 5, NULL, '748376', 0),
(160, '1970-01-01', '08:38:38', 20, 3, 5, NULL, '680068', 0),
(161, '1970-01-01', '10:38:37', 20, 3, 5, NULL, '975001', 0),
(162, '1970-01-01', '12:38:38', 20, 3, 5, NULL, '908260', 0),
(163, '1970-01-01', '14:38:37', 20, 3, 5, NULL, '454269', 0),
(164, '1970-01-01', '16:38:37', 20, 3, 5, NULL, '180884', 0),
(165, '1970-01-01', '18:38:38', 20, 3, 5, NULL, '608678', 0),
(166, '1970-01-01', '20:38:38', 20, 3, 5, NULL, '920962', 0),
(167, '1970-01-01', '00:38:38', 20, 3, 5, NULL, '601377', 0),
(168, '1970-01-01', '02:38:38', 20, 3, 5, NULL, '747497', 0),
(169, '1970-01-01', '04:38:40', 20, 3, 5, NULL, '828957', 0),
(170, '1970-01-01', '06:38:38', 20, 3, 5, NULL, '344633', 0),
(171, '1970-01-01', '08:38:37', 20, 3, 5, NULL, '750509', 0),
(172, '1970-01-01', '10:38:37', 20, 3, 5, NULL, '650621', 0),
(173, '1970-01-01', '12:38:38', 20, 3, 5, NULL, '147253', 0),
(174, '1970-01-01', '14:38:37', 20, 3, 5, NULL, '430677', 0),
(175, '1970-01-01', '16:38:37', 20, 3, 5, NULL, '150021', 0),
(176, '1970-01-01', '18:38:38', 20, 3, 5, NULL, '486640', 0),
(177, '1970-01-01', '20:38:38', 20, 3, 5, NULL, '332563', 0),
(178, '1970-01-01', '22:38:37', 20, 3, 5, NULL, '822405', 0),
(179, '1970-01-01', '00:38:38', 20, 3, 5, NULL, '560036', 0),
(180, '1970-01-01', '02:38:38', 20, 3, 5, NULL, '547641', 0),
(181, '1970-01-01', '04:38:38', 20, 3, 5, NULL, '616626', 0),
(182, '1970-01-01', '08:38:38', 20, 3, 5, NULL, '301325', 0),
(183, '1970-01-01', '10:38:38', 20, 3, 5, NULL, '770230', 0),
(184, '1970-01-01', '12:38:38', 20, 3, 5, NULL, '342051', 0),
(185, '1970-01-01', '14:38:37', 20, 3, 5, NULL, '356067', 0),
(186, '1970-01-01', '16:38:38', 20, 3, 5, NULL, '308196', 0),
(187, '1970-01-01', '18:38:38', 20, 3, 5, NULL, '176096', 0),
(188, '1970-01-01', '20:38:37', 20, 3, 5, NULL, '467797', 0),
(189, '1970-01-01', '22:38:37', 20, 3, 5, NULL, '252223', 0),
(190, '1970-01-01', '00:38:37', 20, 3, 5, NULL, '695776', 0),
(191, '1970-01-01', '02:38:37', 20, 3, 5, NULL, '327576', 0),
(192, '1970-01-01', '04:38:38', 20, 3, 5, NULL, '705977', 0),
(193, '1970-01-01', '06:38:37', 20, 3, 5, NULL, '264135', 0),
(194, '1970-01-01', '08:38:37', 20, 3, 5, NULL, '153820', 0),
(195, '1970-01-01', '10:38:39', 20, 3, 5, NULL, '891836', 0),
(196, '1970-01-01', '12:38:39', 20, 3, 5, NULL, '600838', 0),
(197, '1970-01-01', '14:38:38', 20, 3, 5, NULL, '715756', 0),
(198, '1970-01-01', '16:38:38', 20, 3, 5, NULL, '338087', 0),
(199, '1970-01-01', '18:38:37', 20, 3, 5, NULL, '190925', 0),
(200, '1970-01-01', '20:38:38', 20, 3, 5, NULL, '223856', 0),
(201, '1970-01-01', '22:38:38', 20, 3, 5, NULL, '629379', 0),
(202, '1970-01-01', '00:38:38', 20, 3, 5, NULL, '665444', 0),
(203, '1970-01-01', '02:38:38', 20, 3, 5, NULL, '741975', 0),
(204, '1970-01-01', '04:38:38', 20, 3, 5, NULL, '480124', 0),
(205, '1970-01-01', '06:38:38', 20, 3, 5, NULL, '291133', 0),
(206, '1970-01-01', '08:38:38', 20, 3, 5, NULL, '576406', 0),
(207, '1970-01-01', '10:38:38', 20, 3, 5, NULL, '166168', 0),
(208, '1970-01-01', '14:38:37', 20, 3, 5, NULL, '197103', 0),
(209, '1970-01-01', '16:38:38', 20, 3, 5, NULL, '348908', 0),
(210, '1970-01-01', '18:38:37', 20, 3, 5, NULL, '133304', 0),
(211, '1970-01-01', '20:38:37', 20, 3, 5, NULL, '648566', 0),
(212, '1970-01-01', '22:38:38', 20, 3, 5, NULL, '167742', 0),
(213, '1970-01-01', '00:38:38', 20, 3, 5, NULL, '830695', 0),
(214, '1970-01-01', '04:38:37', 20, 3, 5, NULL, '454890', 0),
(215, '1970-01-01', '06:38:38', 20, 3, 5, NULL, '688062', 0),
(216, '1970-01-01', '08:38:38', 20, 3, 5, NULL, '495445', 0),
(217, '1970-01-01', '10:38:38', 20, 3, 5, NULL, '859827', 0),
(218, '1970-01-01', '12:38:38', 20, 3, 5, NULL, '553623', 0),
(219, '1970-01-01', '14:38:38', 20, 3, 5, NULL, '214757', 0),
(220, '1970-01-01', '16:38:38', 20, 3, 5, NULL, '711840', 0),
(221, '1970-01-01', '20:38:38', 20, 3, 5, NULL, '586537', 0),
(222, '1970-01-01', '22:38:37', 20, 3, 5, NULL, '479760', 0),
(223, '1970-01-01', '00:38:37', 20, 3, 5, NULL, '861415', 0),
(224, '1970-01-01', '02:38:37', 20, 3, 5, NULL, '947713', 0),
(225, '1970-01-01', '04:38:38', 20, 3, 5, NULL, '912602', 0),
(226, '1970-01-01', '08:38:39', 20, 3, 5, NULL, '752529', 0),
(227, '1970-01-01', '10:38:37', 20, 3, 5, NULL, '686172', 0),
(228, '1970-01-01', '12:38:37', 20, 3, 5, NULL, '315503', 0),
(229, '1970-01-01', '14:38:38', 20, 3, 5, NULL, '795219', 0),
(230, '1970-01-01', '16:38:37', 20, 3, 5, NULL, '170905', 0),
(231, '1970-01-01', '18:38:37', 20, 3, 5, NULL, '156189', 0),
(232, '1970-01-01', '20:38:38', 20, 3, 5, NULL, '940202', 0),
(233, '1970-01-01', '22:38:38', 20, 3, 5, NULL, '353070', 0),
(234, '1970-01-01', '00:38:38', 20, 3, 5, NULL, '210818', 0),
(235, '1970-01-01', '02:38:38', 20, 3, 5, NULL, '888383', 0),
(236, '1970-01-01', '04:38:39', 20, 3, 5, NULL, '520514', 0),
(237, '1970-01-01', '06:38:38', 20, 3, 5, NULL, '328931', 0),
(238, '1970-01-01', '08:38:38', 20, 3, 5, NULL, '726638', 0),
(239, '1970-01-01', '10:38:38', 20, 3, 5, NULL, '225118', 0),
(240, '1970-01-01', '12:38:40', 20, 3, 5, NULL, '932264', 0),
(241, '1970-01-01', '12:39:06', 20, 3, 5, NULL, '829464', 0),
(242, '1970-01-01', '12:39:45', 20, 3, 5, NULL, '471771', 0),
(243, '1970-01-01', '14:38:38', 20, 3, 5, NULL, '174982', 0),
(244, '1970-01-01', '16:38:37', 20, 3, 5, NULL, '321981', 0),
(245, '1970-01-01', '18:38:38', 20, 3, 5, NULL, '633594', 0),
(246, '1970-01-01', '20:38:38', 20, 3, 5, NULL, '836314', 0),
(247, '1970-01-01', '22:38:38', 20, 3, 5, NULL, '953487', 0),
(248, '1970-01-01', '00:38:38', 20, 3, 5, NULL, '906776', 0),
(249, '1970-01-01', '02:38:37', 20, 3, 5, NULL, '559775', 0),
(250, '1970-01-01', '04:38:37', 20, 3, 5, NULL, '818847', 0),
(251, '1970-01-01', '06:38:38', 20, 3, 5, NULL, '176741', 0),
(252, '1970-01-01', '08:38:37', 20, 3, 5, NULL, '603514', 0),
(253, '1970-01-01', '10:38:37', 20, 3, 5, NULL, '478258', 0),
(254, '1970-01-01', '12:38:37', 20, 3, 5, NULL, '241356', 0),
(255, '1970-01-01', '14:38:38', 20, 3, 5, NULL, '490814', 0),
(256, '1970-01-01', '16:38:38', 20, 3, 5, NULL, '494903', 0),
(257, '1970-01-01', '18:38:37', 20, 3, 5, NULL, '244637', 0),
(258, '1970-01-01', '20:38:38', 20, 3, 5, NULL, '540765', 0),
(259, '1970-01-01', '22:38:38', 20, 3, 5, NULL, '116715', 0),
(260, '1970-01-01', '00:38:37', 20, 3, 5, NULL, '845222', 0),
(261, '1970-01-01', '02:38:37', 20, 3, 5, NULL, '189337', 0),
(262, '1970-01-01', '04:38:37', 20, 3, 5, NULL, '319189', 0),
(263, '1970-01-01', '06:38:37', 20, 3, 5, NULL, '338680', 0),
(264, '1970-01-01', '08:38:37', 20, 3, 5, NULL, '555149', 0),
(265, '1970-01-01', '10:38:38', 20, 3, 5, NULL, '953396', 0),
(266, '1970-01-01', '12:38:38', 20, 3, 5, NULL, '209047', 0),
(267, '1970-01-01', '14:38:38', 20, 3, 5, NULL, '393166', 0),
(268, '1970-01-01', '16:38:39', 20, 3, 5, NULL, '187608', 0),
(269, '1970-01-01', '18:38:37', 20, 3, 5, NULL, '781928', 0),
(270, '1970-01-01', '20:38:38', 20, 3, 5, NULL, '369397', 0),
(271, '1970-01-01', '22:38:38', 20, 3, 5, NULL, '756324', 0),
(272, '1970-01-01', '00:38:38', 20, 3, 5, NULL, '293058', 0),
(273, '1970-01-01', '02:38:38', 20, 3, 5, NULL, '983066', 0),
(274, '1970-01-01', '06:38:37', 20, 3, 5, NULL, '431906', 0),
(275, '1970-01-01', '08:38:38', 20, 3, 5, NULL, '775586', 0),
(276, '1970-01-01', '10:38:38', 20, 3, 5, NULL, '970887', 0),
(277, '1970-01-01', '12:38:38', 20, 3, 5, NULL, '948952', 0),
(278, '1970-01-01', '14:38:38', 20, 3, 5, NULL, '670780', 0),
(279, '1970-01-01', '16:38:38', 20, 3, 5, NULL, '207240', 0),
(280, '1970-01-01', '18:38:38', 20, 3, 5, NULL, '665198', 0),
(281, '1970-01-01', '20:38:38', 20, 3, 5, NULL, '680648', 0),
(282, '1970-01-01', '22:38:37', 20, 3, 5, NULL, '129235', 0),
(283, '1970-01-01', '00:38:38', 20, 3, 5, NULL, '676634', 0),
(284, '1970-01-01', '02:38:38', 20, 3, 5, NULL, '868224', 0),
(285, '1970-01-01', '04:38:39', 20, 3, 5, NULL, '790229', 0),
(286, '1970-01-01', '06:38:37', 20, 3, 5, NULL, '299312', 0),
(287, '1970-01-01', '08:38:38', 20, 3, 5, NULL, '676846', 0),
(288, '1970-01-01', '10:38:38', 20, 3, 5, NULL, '205669', 0),
(289, '1970-01-01', '12:38:37', 20, 3, 5, NULL, '966445', 0),
(290, '1970-01-01', '14:38:39', 20, 3, 5, NULL, '476748', 0),
(291, '1970-01-01', '16:38:37', 20, 3, 5, NULL, '894942', 0),
(292, '1970-01-01', '18:38:39', 20, 3, 5, NULL, '661298', 0),
(293, '1970-01-01', '20:38:38', 20, 3, 5, NULL, '384601', 0),
(294, '1970-01-01', '22:38:39', 20, 3, 5, NULL, '669629', 0),
(295, '1970-01-01', '00:38:37', 20, 3, 5, NULL, '622492', 0),
(296, '1970-01-01', '02:38:59', 20, 3, 5, NULL, '332632', 0),
(297, '1970-01-01', '04:38:38', 20, 3, 5, NULL, '424692', 0),
(298, '1970-01-01', '06:38:38', 20, 3, 5, NULL, '982028', 0),
(299, '1970-01-01', '08:38:37', 20, 3, 5, NULL, '892495', 0),
(300, '1970-01-01', '10:38:37', 20, 3, 5, NULL, '340171', 0),
(301, '1970-01-01', '12:38:37', 20, 3, 5, NULL, '664633', 0),
(302, '1970-01-01', '14:38:38', 20, 3, 5, NULL, '760271', 0),
(303, '1970-01-01', '16:38:37', 20, 3, 5, NULL, '748790', 0),
(304, '1970-01-01', '18:38:38', 20, 3, 5, NULL, '344565', 0),
(305, '1970-01-01', '20:38:38', 20, 3, 5, NULL, '769832', 0),
(306, '1970-01-01', '22:38:38', 20, 3, 5, NULL, '458724', 0),
(307, '1970-01-01', '00:38:38', 20, 3, 5, NULL, '724192', 0),
(308, '1970-01-01', '02:38:38', 20, 3, 5, NULL, '911435', 0),
(309, '1970-01-01', '04:38:37', 20, 3, 5, NULL, '469173', 0),
(310, '1970-01-01', '06:38:38', 20, 3, 5, NULL, '181046', 0),
(311, '1970-01-01', '08:38:37', 20, 3, 5, NULL, '800610', 0),
(312, '1970-01-01', '10:38:37', 20, 3, 5, NULL, '688576', 0),
(313, '1970-01-01', '12:38:38', 20, 3, 5, NULL, '816425', 0),
(314, '1970-01-01', '14:38:37', 20, 3, 5, NULL, '322251', 0),
(315, '1970-01-01', '16:38:40', 20, 3, 5, NULL, '806114', 0),
(316, '1970-01-01', '18:38:38', 20, 3, 5, NULL, '476235', 0),
(317, '1970-01-01', '20:38:37', 20, 3, 5, NULL, '482189', 0),
(318, '1970-01-01', '22:38:37', 20, 3, 5, NULL, '220640', 0),
(319, '1970-01-01', '00:38:37', 20, 3, 5, NULL, '378296', 0),
(320, '1970-01-01', '02:38:37', 20, 3, 5, NULL, '598627', 0),
(321, '1970-01-01', '04:38:38', 20, 3, 5, NULL, '406129', 0),
(322, '1970-01-01', '06:38:37', 20, 3, 5, NULL, '974174', 0),
(323, '1970-01-01', '08:38:37', 20, 3, 5, NULL, '771608', 0),
(324, '1970-01-01', '10:38:39', 20, 3, 5, NULL, '474596', 0),
(325, '1970-01-01', '12:38:37', 20, 3, 5, NULL, '786292', 0),
(326, '1970-01-01', '14:38:37', 20, 3, 5, NULL, '344942', 0),
(327, '1970-01-01', '16:38:37', 20, 3, 5, NULL, '748414', 0),
(328, '1970-01-01', '18:38:38', 20, 3, 5, NULL, '564944', 0),
(329, '1970-01-01', '20:38:37', 20, 3, 5, NULL, '998371', 0),
(330, '1970-01-01', '22:38:37', 20, 3, 5, NULL, '441560', 0),
(331, '2023-01-08', '00:38:38', 20, 3, 5, NULL, '728689', 0),
(332, '2023-01-08', '02:38:37', 20, 3, 5, NULL, '658080', 0),
(333, '2023-01-08', '04:38:38', 20, 3, 5, NULL, '593715', 0),
(334, '2023-01-08', '06:38:37', 20, 3, 5, NULL, '985611', 0),
(335, '2023-01-08', '08:38:37', 20, 3, 5, NULL, '796485', 0),
(336, '2023-01-08', '10:38:38', 20, 3, 5, NULL, '124180', 0),
(337, '2023-01-08', '12:38:40', 20, 3, 5, NULL, '444748', 0),
(338, '2023-01-08', '14:38:37', 20, 3, 5, NULL, '967780', 0),
(339, '2023-01-08', '16:38:37', 20, 3, 5, NULL, '281722', 0),
(340, '2023-01-08', '18:38:38', 20, 3, 5, NULL, '402610', 0),
(341, '2023-01-08', '22:38:37', 20, 3, 5, NULL, '247122', 0),
(342, '2023-02-08', '00:38:37', 20, 3, 5, NULL, '169241', 0),
(343, '2023-02-08', '02:38:38', 20, 3, 5, NULL, '140975', 0),
(344, '2023-02-08', '04:38:37', 20, 3, 5, NULL, '261028', 0),
(345, '2023-02-08', '06:38:37', 20, 3, 5, NULL, '947245', 0),
(346, '2023-02-08', '08:38:38', 20, 3, 5, NULL, '461205', 0),
(347, '2023-02-08', '10:38:37', 20, 3, 5, NULL, '639593', 0),
(348, '2023-02-08', '12:38:38', 20, 3, 5, NULL, '665019', 0),
(349, '2023-02-08', '14:38:37', 20, 3, 5, NULL, '489949', 0),
(350, '2023-02-08', '16:38:37', 20, 3, 5, NULL, '148609', 0),
(351, '2023-02-08', '18:38:37', 20, 3, 5, NULL, '157605', 0),
(352, '2023-02-08', '22:38:37', 20, 3, 5, NULL, '803784', 0),
(353, '2023-03-08', '00:38:37', 20, 3, 5, NULL, '457105', 0),
(354, '2023-03-08', '02:38:37', 20, 3, 5, NULL, '279173', 0),
(355, '2023-03-08', '04:38:37', 20, 3, 5, NULL, '662662', 0),
(356, '2023-03-08', '06:38:39', 20, 3, 5, NULL, '600826', 0),
(357, '2023-03-08', '08:38:38', 20, 3, 5, NULL, '784388', 0),
(358, '2023-03-08', '10:38:38', 20, 3, 5, NULL, '939536', 0),
(359, '2023-03-08', '12:38:37', 20, 3, 5, NULL, '568834', 0),
(360, '2023-03-08', '14:38:37', 20, 3, 5, NULL, '692008', 0),
(361, '2023-03-08', '16:38:38', 20, 3, 5, NULL, '499792', 0),
(362, '2023-03-08', '18:38:37', 20, 3, 5, NULL, '486585', 0),
(363, '2023-03-08', '20:38:38', 20, 3, 5, NULL, '239019', 0),
(364, '2023-03-08', '22:38:38', 20, 3, 5, NULL, '350998', 0),
(365, '2023-04-08', '00:38:37', 20, 3, 5, NULL, '852390', 0),
(366, '2023-04-08', '02:38:37', 20, 3, 5, NULL, '119616', 0),
(367, '2023-04-08', '04:38:37', 20, 3, 5, NULL, '537149', 0),
(368, '2023-04-08', '06:38:38', 20, 3, 5, NULL, '931002', 0),
(369, '2023-04-08', '08:38:38', 20, 3, 5, NULL, '298625', 0),
(370, '2023-04-08', '10:38:38', 20, 3, 5, NULL, '657026', 0),
(371, '2023-04-08', '12:38:38', 20, 3, 5, NULL, '154739', 0),
(372, '2023-04-08', '14:38:38', 20, 3, 5, NULL, '867131', 0),
(373, '2023-04-08', '16:38:37', 20, 3, 5, NULL, '783306', 0),
(374, '2023-04-08', '18:38:37', 20, 3, 5, NULL, '282373', 0),
(375, '2023-04-08', '20:38:38', 20, 3, 5, NULL, '784621', 0),
(376, '2023-04-08', '22:38:37', 20, 3, 5, NULL, '252856', 0),
(377, '2023-05-08', '00:38:37', 20, 3, 5, NULL, '598713', 0),
(378, '2023-05-08', '02:38:37', 20, 3, 5, NULL, '800214', 0),
(379, '2023-05-08', '04:38:37', 20, 3, 5, NULL, '830030', 0),
(380, '2023-05-08', '06:38:37', 20, 3, 5, NULL, '161447', 0),
(381, '2023-05-08', '08:38:38', 20, 3, 5, NULL, '173782', 0),
(382, '2023-05-08', '10:38:37', 20, 3, 5, NULL, '541359', 0),
(383, '2023-05-08', '12:38:38', 20, 3, 5, NULL, '323990', 0),
(384, '2023-05-08', '14:38:38', 20, 3, 5, NULL, '627663', 0),
(385, '2023-05-08', '18:38:37', 20, 3, 5, NULL, '141010', 0),
(386, '2023-05-08', '20:38:38', 20, 3, 5, NULL, '672515', 0),
(387, '2023-05-08', '22:38:38', 20, 3, 5, NULL, '285240', 0),
(388, '2023-06-08', '00:38:37', 20, 3, 5, NULL, '232691', 0),
(389, '2023-06-08', '02:38:37', 20, 3, 5, NULL, '890446', 0),
(390, '2023-06-08', '04:38:38', 20, 3, 5, NULL, '735154', 0),
(391, '2023-06-08', '06:38:37', 20, 3, 5, NULL, '614357', 0),
(392, '2023-06-08', '08:38:38', 20, 3, 5, NULL, '407822', 0),
(393, '2023-06-08', '10:38:38', 20, 3, 5, NULL, '488735', 0),
(394, '2023-06-08', '12:38:38', 20, 3, 5, NULL, '914522', 0),
(395, '2023-06-08', '14:38:37', 20, 3, 5, NULL, '879112', 0),
(396, '2023-06-08', '16:38:37', 20, 3, 5, NULL, '450282', 0),
(397, '2023-06-08', '18:38:38', 20, 3, 5, NULL, '483991', 0),
(398, '2023-06-08', '20:38:37', 20, 3, 5, NULL, '978424', 0),
(399, '2023-06-08', '22:38:38', 20, 3, 5, NULL, '292307', 0),
(400, '2023-07-08', '00:38:37', 20, 3, 5, NULL, '517963', 0),
(401, '2023-07-08', '02:38:37', 20, 3, 5, NULL, '153433', 0),
(402, '2023-07-08', '04:38:38', 20, 3, 5, NULL, '698024', 0),
(403, '2023-07-08', '06:38:38', 20, 3, 5, NULL, '634642', 0),
(404, '2023-07-08', '08:38:38', 20, 3, 5, NULL, '366984', 0),
(405, '2023-07-08', '10:38:38', 20, 3, 5, NULL, '374369', 0),
(406, '2023-07-08', '12:38:37', 20, 3, 5, NULL, '476996', 0),
(407, '2023-07-08', '14:38:38', 20, 3, 5, NULL, '136555', 0),
(408, '2023-07-08', '16:38:37', 20, 3, 5, NULL, '405876', 0),
(409, '2023-07-08', '18:38:37', 20, 3, 5, NULL, '935361', 0),
(410, '2023-07-08', '20:38:39', 20, 3, 5, NULL, '674650', 0),
(411, '2023-07-08', '22:38:37', 20, 3, 5, NULL, '897228', 0),
(412, '2023-08-08', '00:38:38', 20, 3, 5, NULL, '783672', 0),
(413, '2023-08-08', '02:38:37', 20, 3, 5, NULL, '455036', 0),
(414, '2023-08-08', '06:38:38', 20, 3, 5, NULL, '158770', 0),
(415, '2023-08-08', '08:38:38', 20, 3, 5, NULL, '963591', 0),
(416, '2023-08-08', '10:38:38', 20, 3, 5, NULL, '784543', 0),
(417, '2023-08-08', '12:38:38', 20, 3, 5, NULL, '117398', 0),
(418, '2023-08-08', '14:38:40', 20, 3, 5, NULL, '342508', 0),
(419, '2023-08-08', '16:38:37', 20, 3, 5, NULL, '618971', 0),
(420, '2023-08-08', '18:38:37', 20, 3, 5, NULL, '321413', 0),
(421, '2023-08-08', '20:38:38', 20, 3, 5, NULL, '549111', 0),
(422, '2023-08-08', '22:38:38', 20, 3, 5, NULL, '993251', 0),
(423, '2023-09-08', '00:38:37', 20, 3, 5, NULL, '758720', 0),
(424, '2023-09-08', '02:38:38', 20, 3, 5, NULL, '248916', 0),
(425, '2023-09-08', '04:38:38', 20, 3, 5, NULL, '176956', 0),
(426, '2023-09-08', '06:38:37', 20, 3, 5, NULL, '659836', 0),
(427, '2023-09-08', '08:38:37', 20, 3, 5, NULL, '405148', 0),
(428, '2023-09-08', '10:38:37', 20, 3, 5, NULL, '210098', 0),
(429, '2023-09-08', '12:38:39', 20, 3, 5, NULL, '180399', 0),
(430, '2023-09-08', '14:38:39', 20, 3, 5, NULL, '942598', 0),
(431, '2023-09-08', '16:38:37', 20, 3, 5, NULL, '857104', 0),
(432, '2023-09-08', '18:38:37', 20, 3, 5, NULL, '169111', 0),
(433, '2023-09-08', '20:38:38', 20, 3, 5, NULL, '556030', 0),
(434, '2023-09-08', '22:38:37', 20, 3, 5, NULL, '548178', 0),
(435, '2023-10-08', '00:38:38', 20, 3, 5, NULL, '700755', 0),
(436, '2023-10-08', '02:38:38', 20, 3, 5, NULL, '893182', 0),
(437, '2023-10-08', '04:38:37', 20, 3, 5, NULL, '466917', 0),
(438, '2023-10-08', '06:38:37', 20, 3, 5, NULL, '779883', 0),
(439, '2023-10-08', '08:38:38', 20, 3, 5, NULL, '125875', 0),
(440, '2023-10-08', '10:38:38', 20, 3, 5, NULL, '279387', 0),
(441, '2023-10-08', '12:38:38', 20, 3, 5, NULL, '225743', 0),
(442, '2023-10-08', '14:38:38', 20, 3, 5, NULL, '740127', 0),
(443, '2023-10-08', '16:38:37', 20, 3, 5, NULL, '765598', 0),
(444, '2023-10-08', '18:38:37', 20, 3, 5, NULL, '172244', 0),
(445, '2023-10-08', '20:38:38', 20, 3, 5, NULL, '102685', 0),
(446, '2023-10-08', '22:38:37', 20, 3, 5, NULL, '102033', 0),
(447, '2023-11-08', '00:38:38', 20, 3, 5, NULL, '946507', 0),
(448, '2023-11-08', '02:38:38', 20, 3, 5, NULL, '292922', 0),
(449, '2023-11-08', '04:38:38', 20, 3, 5, NULL, '551609', 0),
(450, '2023-11-08', '06:38:38', 20, 3, 5, NULL, '956080', 0),
(451, '2023-11-08', '08:38:38', 20, 3, 5, NULL, '646788', 0),
(452, '2023-11-08', '10:38:37', 20, 3, 5, NULL, '300553', 0),
(453, '2023-11-08', '12:38:39', 20, 3, 5, NULL, '669585', 0),
(454, '2023-11-08', '14:38:37', 20, 3, 5, NULL, '938163', 0),
(455, '2023-11-08', '16:38:38', 20, 3, 5, NULL, '934816', 0),
(456, '2023-11-08', '18:38:37', 20, 3, 5, NULL, '699259', 0),
(457, '2023-11-08', '20:38:37', 20, 3, 5, NULL, '554333', 0),
(458, '2023-12-08', '00:38:37', 20, 3, 5, NULL, '840463', 0),
(459, '2023-12-08', '02:38:37', 20, 3, 5, NULL, '243524', 0),
(460, '2023-12-08', '04:38:38', 20, 3, 5, NULL, '444051', 0),
(461, '2023-12-08', '06:38:37', 20, 3, 5, NULL, '532794', 0),
(462, '2023-12-08', '08:38:38', 20, 3, 5, NULL, '478097', 0),
(463, '2023-12-08', '10:38:37', 20, 3, 5, NULL, '322908', 0),
(464, '2023-12-08', '12:38:37', 20, 3, 5, NULL, '799000', 0),
(465, '2023-12-08', '14:38:38', 20, 3, 5, NULL, '311881', 0),
(466, '2023-12-08', '16:38:37', 20, 3, 5, NULL, '225329', 0),
(467, '2023-12-08', '18:38:37', 20, 3, 5, NULL, '686677', 0),
(468, '2023-12-08', '20:38:37', 20, 3, 5, NULL, '942574', 0),
(469, '2023-12-08', '22:38:38', 20, 3, 5, NULL, '629747', 0),
(470, '1970-01-01', '00:38:38', 20, 3, 5, NULL, '281959', 0),
(471, '1970-01-01', '02:38:38', 20, 3, 5, NULL, '308991', 0),
(472, '1970-01-01', '04:38:38', 20, 3, 5, NULL, '548311', 0),
(473, '1970-01-01', '06:38:37', 20, 3, 5, NULL, '963446', 0),
(474, '1970-01-01', '08:38:37', 20, 3, 5, NULL, '911197', 0),
(475, '1970-01-01', '10:38:38', 20, 3, 5, NULL, '606020', 0),
(476, '1970-01-01', '12:38:37', 20, 3, 5, NULL, '297562', 0),
(477, '1970-01-01', '14:38:39', 20, 3, 5, NULL, '641927', 0),
(478, '1970-01-01', '16:38:37', 20, 3, 5, NULL, '362519', 0),
(479, '1970-01-01', '18:38:37', 20, 3, 5, NULL, '373643', 0),
(480, '1970-01-01', '20:38:38', 20, 3, 5, NULL, '953070', 0),
(481, '1970-01-01', '22:38:37', 20, 3, 5, NULL, '521895', 0),
(482, '1970-01-01', '00:38:37', 20, 3, 5, NULL, '770057', 0),
(483, '1970-01-01', '02:38:38', 20, 3, 5, NULL, '850232', 0),
(484, '1970-01-01', '04:38:38', 20, 3, 5, NULL, '860697', 0),
(485, '1970-01-01', '06:38:38', 20, 3, 5, NULL, '214724', 0),
(486, '1970-01-01', '08:38:38', 20, 3, 5, NULL, '668519', 0),
(487, '1970-01-01', '10:38:37', 20, 3, 5, NULL, '511317', 0),
(488, '1970-01-01', '12:38:38', 20, 3, 5, NULL, '326767', 0),
(489, '1970-01-01', '14:38:38', 20, 3, 5, NULL, '786066', 0),
(490, '1970-01-01', '16:38:37', 20, 3, 5, NULL, '629348', 0),
(491, '1970-01-01', '18:38:38', 20, 3, 5, NULL, '756598', 0),
(492, '1970-01-01', '20:38:38', 20, 3, 5, NULL, '679068', 0),
(493, '1970-01-01', '22:38:37', 20, 3, 5, NULL, '269363', 0),
(494, '1970-01-01', '00:38:38', 20, 3, 5, NULL, '632543', 0),
(495, '1970-01-01', '02:38:38', 20, 3, 5, NULL, '642190', 0),
(496, '1970-01-01', '04:38:38', 20, 3, 5, NULL, '481299', 0),
(497, '1970-01-01', '06:38:37', 20, 3, 5, NULL, '228256', 0),
(498, '1970-01-01', '08:38:38', 20, 3, 5, NULL, '105581', 0),
(499, '1970-01-01', '10:38:37', 20, 3, 5, NULL, '414510', 0),
(500, '1970-01-01', '12:38:38', 20, 3, 5, NULL, '448269', 0),
(501, '1970-01-01', '16:38:40', 20, 3, 5, NULL, '396961', 0),
(502, '1970-01-01', '18:38:38', 20, 3, 5, NULL, '523076', 0),
(503, '1970-01-01', '20:38:38', 20, 3, 5, NULL, '359988', 0),
(504, '1970-01-01', '22:38:38', 20, 3, 5, NULL, '138471', 0),
(505, '1970-01-01', '00:38:37', 20, 3, 5, NULL, '986965', 0),
(506, '1970-01-01', '02:38:37', 20, 3, 5, NULL, '282772', 0),
(507, '1970-01-01', '04:38:37', 20, 3, 5, NULL, '881375', 0),
(508, '1970-01-01', '06:38:37', 20, 3, 5, NULL, '595763', 0),
(509, '1970-01-01', '08:38:38', 20, 3, 5, NULL, '368876', 0),
(510, '1970-01-01', '10:38:38', 20, 3, 5, NULL, '288469', 0),
(511, '1970-01-01', '12:38:39', 20, 3, 5, NULL, '499830', 0),
(512, '1970-01-01', '14:38:37', 20, 3, 5, NULL, '258080', 0),
(513, '1970-01-01', '16:38:37', 20, 3, 5, NULL, '920830', 0),
(514, '1970-01-01', '18:38:37', 20, 3, 5, NULL, '146047', 0),
(515, '1970-01-01', '20:38:37', 20, 3, 5, NULL, '240192', 0),
(516, '1970-01-01', '22:38:38', 20, 3, 5, NULL, '399642', 0),
(517, '1970-01-01', '00:38:38', 20, 3, 5, NULL, '927623', 0),
(518, '1970-01-01', '02:38:37', 20, 3, 5, NULL, '851573', 0),
(519, '1970-01-01', '04:38:37', 20, 3, 5, NULL, '757995', 0),
(520, '1970-01-01', '06:38:38', 20, 3, 5, NULL, '654724', 0),
(521, '1970-01-01', '08:38:38', 20, 3, 5, NULL, '478767', 0),
(522, '1970-01-01', '10:38:38', 20, 3, 5, NULL, '727148', 0),
(523, '1970-01-01', '12:38:38', 20, 3, 5, NULL, '632673', 0),
(524, '1970-01-01', '14:38:38', 20, 3, 5, NULL, '237049', 0),
(525, '1970-01-01', '16:38:37', 20, 3, 5, NULL, '228266', 0),
(526, '1970-01-01', '18:38:37', 20, 3, 5, NULL, '652626', 0),
(527, '1970-01-01', '22:38:38', 20, 3, 5, NULL, '356128', 0),
(528, '1970-01-01', '00:38:37', 20, 3, 5, NULL, '302275', 0),
(529, '1970-01-01', '02:38:37', 20, 3, 5, NULL, '948324', 0),
(530, '1970-01-01', '04:38:37', 20, 3, 5, NULL, '321157', 0),
(531, '1970-01-01', '06:38:37', 20, 3, 5, NULL, '181085', 0),
(532, '1970-01-01', '08:38:38', 20, 3, 5, NULL, '135041', 0),
(533, '1970-01-01', '10:38:38', 20, 3, 5, NULL, '137208', 0),
(534, '1970-01-01', '12:38:37', 20, 3, 5, NULL, '932391', 0),
(535, '1970-01-01', '14:38:37', 20, 3, 5, NULL, '863592', 0),
(536, '1970-01-01', '16:38:38', 20, 3, 5, NULL, '518396', 0),
(537, '1970-01-01', '18:38:38', 20, 3, 5, NULL, '434169', 0),
(538, '1970-01-01', '20:38:38', 20, 3, 5, NULL, '842414', 0),
(539, '1970-01-01', '22:38:37', 20, 3, 5, NULL, '860544', 0),
(540, '1970-01-01', '00:38:39', 20, 3, 5, NULL, '989826', 0),
(541, '1970-01-01', '02:38:37', 20, 3, 5, NULL, '810249', 0),
(542, '1970-01-01', '04:38:39', 20, 3, 5, NULL, '452151', 0),
(543, '1970-01-01', '06:38:38', 20, 3, 5, NULL, '476401', 0),
(544, '1970-01-01', '08:38:37', 20, 3, 5, NULL, '472059', 0),
(545, '1970-01-01', '12:38:38', 20, 3, 5, NULL, '475982', 0),
(546, '1970-01-01', '14:38:37', 20, 3, 5, NULL, '215555', 0),
(547, '1970-01-01', '16:38:38', 20, 3, 5, NULL, '246403', 0),
(548, '1970-01-01', '18:38:37', 20, 3, 5, NULL, '321063', 0),
(549, '1970-01-01', '20:38:37', 20, 3, 5, NULL, '992906', 0),
(550, '1970-01-01', '22:38:37', 20, 3, 5, NULL, '634526', 0),
(551, '1970-01-01', '00:38:37', 20, 3, 5, NULL, '655896', 0),
(552, '1970-01-01', '02:38:37', 20, 3, 5, NULL, '432390', 0),
(553, '1970-01-01', '04:38:38', 20, 3, 5, NULL, '823263', 0),
(554, '1970-01-01', '06:38:37', 20, 3, 5, NULL, '894027', 0),
(555, '1970-01-01', '08:38:38', 20, 3, 5, NULL, '926320', 0),
(556, '1970-01-01', '10:38:37', 20, 3, 5, NULL, '447119', 0),
(557, '1970-01-01', '12:38:40', 20, 3, 5, NULL, '294732', 0),
(558, '1970-01-01', '14:38:37', 20, 3, 5, NULL, '434409', 0),
(559, '1970-01-01', '16:38:37', 20, 3, 5, NULL, '875503', 0),
(560, '1970-01-01', '18:38:37', 20, 3, 5, NULL, '677902', 0),
(561, '1970-01-01', '20:38:37', 20, 3, 5, NULL, '634013', 0),
(562, '1970-01-01', '22:38:38', 20, 3, 5, NULL, '625995', 0),
(563, '1970-01-01', '00:38:39', 20, 3, 5, NULL, '574999', 0),
(564, '1970-01-01', '02:38:40', 20, 3, 5, NULL, '426069', 0),
(565, '1970-01-01', '04:38:38', 20, 3, 5, NULL, '765912', 0),
(566, '1970-01-01', '06:38:37', 20, 3, 5, NULL, '671549', 0),
(567, '1970-01-01', '08:38:38', 20, 3, 5, NULL, '482505', 0),
(568, '1970-01-01', '14:38:38', 20, 3, 5, NULL, '705657', 0),
(569, '1970-01-01', '16:38:37', 20, 3, 5, NULL, '369160', 0),
(570, '1970-01-01', '20:38:38', 20, 3, 5, NULL, '135904', 0),
(571, '1970-01-01', '22:38:37', 20, 3, 5, NULL, '319338', 0),
(572, '1970-01-01', '00:38:38', 20, 3, 5, NULL, '415860', 0),
(573, '1970-01-01', '02:38:37', 20, 3, 5, NULL, '617139', 0),
(574, '1970-01-01', '04:38:37', 20, 3, 5, NULL, '197071', 0),
(575, '1970-01-01', '06:38:38', 20, 3, 5, NULL, '173966', 0),
(576, '1970-01-01', '08:38:38', 20, 3, 5, NULL, '183624', 0),
(577, '1970-01-01', '10:38:37', 20, 3, 5, NULL, '740545', 0),
(578, '1970-01-01', '12:38:38', 20, 3, 5, NULL, '690389', 0),
(579, '1970-01-01', '14:38:37', 20, 3, 5, NULL, '758878', 0),
(580, '1970-01-01', '16:38:38', 20, 3, 5, NULL, '373301', 0),
(581, '1970-01-01', '18:38:38', 20, 3, 5, NULL, '873261', 0),
(582, '1970-01-01', '22:38:37', 20, 3, 5, NULL, '904038', 0),
(583, '1970-01-01', '00:38:38', 20, 3, 5, NULL, '382103', 0),
(584, '1970-01-01', '02:38:38', 20, 3, 5, NULL, '624141', 0),
(585, '1970-01-01', '04:38:37', 20, 3, 5, NULL, '412118', 0),
(586, '1970-01-01', '06:38:37', 20, 3, 5, NULL, '432974', 0),
(587, '1970-01-01', '08:38:37', 20, 3, 5, NULL, '611971', 0),
(588, '1970-01-01', '10:38:38', 20, 3, 5, NULL, '815027', 0),
(589, '1970-01-01', '12:38:39', 20, 3, 5, NULL, '965194', 0),
(590, '1970-01-01', '14:38:38', 20, 3, 5, NULL, '191322', 0),
(591, '1970-01-01', '16:38:39', 20, 3, 5, NULL, '108561', 0),
(592, '1970-01-01', '18:38:38', 20, 3, 5, NULL, '756223', 0),
(593, '1970-01-01', '20:38:37', 20, 3, 5, NULL, '498140', 0),
(594, '1970-01-01', '22:38:37', 20, 3, 5, NULL, '432162', 0),
(595, '1970-01-01', '00:38:37', 20, 3, 5, NULL, '994103', 0),
(596, '1970-01-01', '02:38:38', 20, 3, 5, NULL, '413970', 0),
(597, '1970-01-01', '04:38:37', 20, 3, 5, NULL, '192906', 0),
(598, '1970-01-01', '06:38:38', 20, 3, 5, NULL, '577129', 0),
(599, '1970-01-01', '08:38:37', 20, 3, 5, NULL, '161074', 0),
(600, '1970-01-01', '12:38:37', 20, 3, 5, NULL, '824097', 0),
(601, '1970-01-01', '14:38:38', 20, 3, 5, NULL, '553417', 0),
(602, '1970-01-01', '16:38:37', 20, 3, 5, NULL, '145772', 0),
(603, '1970-01-01', '18:38:37', 20, 3, 5, NULL, '941810', 0),
(604, '1970-01-01', '20:38:37', 20, 3, 5, NULL, '318186', 0),
(605, '1970-01-01', '22:38:38', 20, 3, 5, NULL, '941864', 0),
(606, '1970-01-01', '00:38:39', 20, 3, 5, NULL, '150782', 0),
(607, '1970-01-01', '02:38:37', 20, 3, 5, NULL, '123602', 0),
(608, '1970-01-01', '04:38:37', 20, 3, 5, NULL, '375357', 0),
(609, '1970-01-01', '06:38:38', 20, 3, 5, NULL, '346721', 0),
(610, '1970-01-01', '08:38:38', 20, 3, 5, NULL, '781308', 0),
(611, '1970-01-01', '10:38:37', 20, 3, 5, NULL, '592162', 0),
(612, '1970-01-01', '12:38:37', 20, 3, 5, NULL, '992526', 0),
(613, '1970-01-01', '14:38:37', 20, 3, 5, NULL, '415813', 0),
(614, '1970-01-01', '16:38:38', 20, 3, 5, NULL, '688256', 0),
(615, '1970-01-01', '18:38:37', 20, 3, 5, NULL, '187372', 0),
(616, '1970-01-01', '20:38:38', 20, 3, 5, NULL, '467082', 0),
(617, '1970-01-01', '00:38:39', 20, 3, 5, NULL, '142342', 0),
(618, '1970-01-01', '02:38:37', 20, 3, 5, NULL, '933299', 0),
(619, '1970-01-01', '04:38:38', 20, 3, 5, NULL, '635767', 0),
(620, '1970-01-01', '06:38:37', 20, 3, 5, NULL, '388709', 0),
(621, '1970-01-01', '08:38:38', 20, 3, 5, NULL, '203424', 0),
(622, '1970-01-01', '10:38:37', 20, 3, 5, NULL, '121839', 0),
(623, '1970-01-01', '12:38:38', 20, 3, 5, NULL, '598234', 0),
(624, '1970-01-01', '14:38:37', 20, 3, 5, NULL, '960548', 0),
(625, '1970-01-01', '16:38:39', 20, 3, 5, NULL, '826093', 0),
(626, '1970-01-01', '18:38:37', 20, 3, 5, NULL, '667881', 0),
(627, '1970-01-01', '20:38:38', 20, 3, 5, NULL, '575675', 0),
(628, '1970-01-01', '22:38:37', 20, 3, 5, NULL, '187793', 0),
(629, '1970-01-01', '00:38:37', 20, 3, 5, NULL, '832394', 0),
(630, '1970-01-01', '02:38:38', 20, 3, 5, NULL, '254153', 0),
(631, '1970-01-01', '04:38:38', 20, 3, 5, NULL, '231346', 0),
(632, '1970-01-01', '06:38:38', 20, 3, 5, NULL, '151776', 0),
(633, '1970-01-01', '08:38:37', 20, 3, 5, NULL, '347839', 0),
(634, '1970-01-01', '10:38:40', 20, 3, 5, NULL, '409923', 0),
(635, '1970-01-01', '14:38:37', 20, 3, 5, NULL, '273252', 0),
(636, '1970-01-01', '16:38:39', 20, 3, 5, NULL, '715590', 0),
(637, '1970-01-01', '18:38:37', 20, 3, 5, NULL, '476807', 0),
(638, '1970-01-01', '20:38:37', 20, 3, 5, NULL, '915615', 0),
(639, '1970-01-01', '22:38:38', 20, 3, 5, NULL, '648101', 0),
(640, '1970-01-01', '00:38:37', 20, 3, 5, NULL, '971399', 0),
(641, '1970-01-01', '02:38:38', 20, 3, 5, NULL, '574327', 0),
(642, '1970-01-01', '04:38:38', 20, 3, 5, NULL, '433639', 0),
(643, '1970-01-01', '06:38:37', 20, 3, 5, NULL, '205539', 0),
(644, '1970-01-01', '08:38:37', 20, 3, 5, NULL, '112310', 0),
(645, '1970-01-01', '10:38:37', 20, 3, 5, NULL, '692397', 0),
(646, '1970-01-01', '12:38:37', 20, 3, 5, NULL, '114642', 0),
(647, '1970-01-01', '14:38:39', 20, 3, 5, NULL, '456834', 0),
(648, '1970-01-01', '16:38:38', 20, 3, 5, NULL, '273135', 0),
(649, '1970-01-01', '18:38:41', 20, 3, 5, NULL, '923736', 0),
(650, '1970-01-01', '20:38:38', 20, 3, 5, NULL, '844077', 0),
(651, '1970-01-01', '22:38:38', 20, 3, 5, NULL, '514545', 0),
(652, '1970-01-01', '00:38:38', 20, 3, 5, NULL, '331427', 0),
(653, '1970-01-01', '02:38:37', 20, 3, 5, NULL, '834441', 0),
(654, '1970-01-01', '04:38:38', 20, 3, 5, NULL, '736990', 0),
(655, '1970-01-01', '06:38:37', 20, 3, 5, NULL, '808672', 0),
(656, '1970-01-01', '08:38:37', 20, 3, 5, NULL, '618436', 0),
(657, '1970-01-01', '10:38:38', 20, 3, 5, NULL, '462705', 0),
(658, '1970-01-01', '12:38:38', 20, 3, 5, NULL, '916784', 0),
(659, '1970-01-01', '16:38:37', 20, 3, 5, NULL, '293619', 0),
(660, '1970-01-01', '18:38:40', 20, 3, 5, NULL, '730767', 0),
(661, '1970-01-01', '20:38:38', 20, 3, 5, NULL, '358607', 0),
(662, '1970-01-01', '22:38:38', 20, 3, 5, NULL, '486473', 0),
(663, '1970-01-01', '00:38:41', 20, 3, 5, NULL, '128389', 0),
(664, '1970-01-01', '02:38:38', 20, 3, 5, NULL, '287851', 0),
(665, '1970-01-01', '06:38:38', 20, 3, 5, NULL, '171110', 0),
(666, '1970-01-01', '08:38:37', 20, 3, 5, NULL, '130367', 0),
(667, '1970-01-01', '10:38:37', 20, 3, 5, NULL, '532549', 0),
(668, '1970-01-01', '12:38:37', 20, 3, 5, NULL, '350002', 0),
(669, '1970-01-01', '14:38:37', 20, 3, 5, NULL, '513281', 0),
(670, '1970-01-01', '16:38:38', 20, 3, 5, NULL, '317658', 0),
(671, '1970-01-01', '18:38:38', 20, 3, 5, NULL, '542609', 0),
(672, '1970-01-01', '20:38:42', 20, 3, 5, NULL, '933247', 0),
(673, '1970-01-01', '22:38:37', 20, 3, 5, NULL, '829264', 0),
(674, '1970-01-01', '00:38:38', 20, 3, 5, NULL, '883796', 0),
(675, '1970-01-01', '02:38:38', 20, 3, 5, NULL, '921028', 0),
(676, '1970-01-01', '04:38:37', 20, 3, 5, NULL, '488735', 0),
(677, '1970-01-01', '08:38:37', 20, 3, 5, NULL, '785118', 0),
(678, '1970-01-01', '10:38:37', 20, 3, 5, NULL, '738245', 0),
(679, '1970-01-01', '12:38:37', 20, 3, 5, NULL, '761790', 0),
(680, '1970-01-01', '14:38:38', 20, 3, 5, NULL, '827158', 0),
(681, '1970-01-01', '16:38:37', 20, 3, 5, NULL, '354813', 0),
(682, '1970-01-01', '18:38:37', 20, 3, 5, NULL, '634724', 0),
(683, '1970-01-01', '20:38:39', 20, 3, 5, NULL, '277873', 0),
(684, '1970-01-01', '22:38:38', 20, 3, 5, NULL, '909897', 0),
(685, '2023-01-09', '00:38:38', 20, 3, 5, NULL, '922098', 0),
(686, '2023-01-09', '02:38:38', 20, 3, 5, NULL, '627418', 0),
(687, '2023-01-09', '04:38:38', 20, 3, 5, NULL, '443319', 0),
(688, '2023-01-09', '06:38:37', 20, 3, 5, NULL, '910063', 0),
(689, '2023-01-09', '10:38:38', 20, 3, 5, NULL, '692347', 0),
(690, '2023-01-09', '12:38:37', 20, 3, 5, NULL, '195705', 0),
(691, '2023-01-09', '16:38:37', 20, 3, 5, NULL, '646243', 0),
(692, '2023-01-09', '20:38:37', 20, 3, 5, NULL, '720485', 0),
(693, '2023-01-09', '22:38:37', 20, 3, 5, NULL, '456399', 0),
(694, '2023-02-09', '00:38:38', 20, 3, 5, NULL, '972039', 0),
(695, '2023-02-09', '02:38:38', 20, 3, 5, NULL, '533073', 0),
(696, '2023-02-09', '04:38:37', 20, 3, 5, NULL, '646285', 0),
(697, '2023-02-09', '06:38:37', 20, 3, 5, NULL, '945085', 0),
(698, '2023-02-09', '08:38:37', 20, 3, 5, NULL, '619004', 0),
(699, '2023-02-09', '10:38:37', 20, 3, 5, NULL, '479680', 0),
(700, '2023-02-09', '12:38:37', 20, 3, 5, NULL, '151022', 0),
(701, '2023-02-09', '14:38:37', 20, 3, 5, NULL, '943934', 0),
(702, '2023-02-09', '16:38:37', 20, 3, 5, NULL, '727913', 0),
(703, '2023-02-09', '18:38:38', 20, 3, 5, NULL, '704297', 0),
(704, '2023-02-09', '20:38:38', 20, 3, 5, NULL, '456771', 0),
(705, '2023-02-09', '22:38:37', 20, 3, 5, NULL, '600433', 0),
(706, '2023-03-09', '00:38:37', 20, 3, 5, NULL, '910045', 0),
(707, '2023-03-09', '02:38:37', 20, 3, 5, NULL, '433136', 0),
(708, '2023-03-09', '04:38:38', 20, 3, 5, NULL, '238917', 0),
(709, '2023-03-09', '06:38:37', 20, 3, 5, NULL, '714959', 0),
(710, '2023-03-09', '08:38:39', 20, 3, 5, NULL, '799603', 0),
(711, '2023-03-09', '10:38:38', 20, 3, 5, NULL, '393655', 0),
(712, '2023-03-09', '12:38:37', 20, 3, 5, NULL, '109357', 0),
(713, '2023-03-09', '14:38:39', 20, 3, 5, NULL, '518299', 0),
(714, '2023-03-09', '16:38:38', 20, 3, 5, NULL, '413953', 0),
(715, '2023-03-09', '20:38:37', 20, 3, 5, NULL, '387601', 0),
(716, '2023-03-09', '22:38:37', 20, 3, 5, NULL, '601510', 0),
(717, '2023-04-09', '00:38:38', 20, 3, 5, NULL, '221499', 0),
(718, '2023-04-09', '02:38:38', 20, 3, 5, NULL, '292846', 0),
(719, '2023-04-09', '04:38:38', 20, 3, 5, NULL, '922328', 0),
(720, '2023-04-09', '08:38:39', 20, 3, 5, NULL, '659900', 0),
(721, '2023-04-09', '10:38:38', 20, 3, 5, NULL, '667256', 0),
(722, '2023-04-09', '12:38:38', 20, 3, 5, NULL, '269583', 0),
(723, '2023-04-09', '14:38:39', 20, 3, 5, NULL, '835529', 0),
(724, '2023-04-09', '16:38:37', 20, 3, 5, NULL, '661003', 0),
(725, '2023-04-09', '18:38:37', 20, 3, 5, NULL, '606061', 0),
(726, '2023-04-09', '20:38:38', 20, 3, 5, NULL, '847605', 0),
(727, '2023-04-09', '22:38:37', 20, 3, 5, NULL, '832751', 0),
(728, '2023-05-09', '00:38:38', 20, 3, 5, NULL, '777571', 0),
(729, '2023-05-09', '02:38:38', 20, 3, 5, NULL, '730438', 0),
(730, '2023-05-09', '04:38:38', 20, 3, 5, NULL, '370645', 0),
(731, '2023-05-09', '06:38:37', 20, 3, 5, NULL, '365450', 0),
(732, '2023-05-09', '08:38:37', 20, 3, 5, NULL, '818052', 0),
(733, '2023-05-09', '10:38:39', 20, 3, 5, NULL, '300810', 0),
(734, '2023-05-09', '12:38:37', 20, 3, 5, NULL, '481328', 0),
(735, '2023-05-09', '14:38:38', 20, 3, 5, NULL, '274545', 0),
(736, '2023-05-09', '16:38:38', 20, 3, 5, NULL, '992009', 0),
(737, '2023-05-09', '18:38:38', 20, 3, 5, NULL, '883548', 0),
(738, '2023-05-09', '20:38:38', 20, 3, 5, NULL, '304547', 0),
(739, '2023-05-09', '22:38:37', 20, 3, 5, NULL, '476000', 0),
(740, '2023-06-09', '00:38:38', 20, 3, 5, NULL, '801220', 0),
(741, '2023-06-09', '02:38:37', 20, 3, 5, NULL, '147730', 0),
(742, '2023-06-09', '04:38:37', 20, 3, 5, NULL, '330693', 0),
(743, '2023-06-09', '06:38:38', 20, 3, 5, NULL, '749221', 0),
(744, '2023-06-09', '08:38:37', 20, 3, 5, NULL, '736257', 0),
(745, '2023-06-09', '10:38:37', 20, 3, 5, NULL, '689274', 0),
(746, '2023-06-09', '12:38:38', 20, 3, 5, NULL, '976022', 0),
(747, '2023-06-09', '14:38:37', 20, 3, 5, NULL, '450222', 0),
(748, '2023-06-09', '16:38:39', 20, 3, 5, NULL, '197865', 0),
(749, '2023-06-09', '18:38:37', 20, 3, 5, NULL, '535283', 0),
(750, '2023-06-09', '20:38:39', 20, 3, 5, NULL, '396694', 0),
(751, '2023-06-09', '22:38:38', 20, 3, 5, NULL, '511342', 0),
(752, '2023-07-09', '00:38:38', 20, 3, 5, NULL, '455308', 0),
(753, '2023-07-09', '02:38:38', 20, 3, 5, NULL, '447838', 0),
(754, '2023-07-09', '04:38:37', 20, 3, 5, NULL, '672088', 0),
(755, '2023-07-09', '06:38:37', 20, 3, 5, NULL, '754947', 0),
(756, '2023-07-09', '08:38:38', 20, 3, 5, NULL, '416487', 0),
(757, '2023-07-09', '10:38:38', 20, 3, 5, NULL, '716786', 0),
(758, '2023-07-09', '12:38:37', 20, 3, 5, NULL, '433769', 0),
(759, '2023-07-09', '14:38:38', 20, 3, 5, NULL, '745957', 0),
(760, '2023-07-09', '16:38:37', 20, 3, 5, NULL, '560982', 0),
(761, '2023-07-09', '18:38:37', 20, 3, 5, NULL, '575215', 0),
(762, '2023-07-09', '20:38:37', 20, 3, 5, NULL, '602213', 0),
(763, '2023-07-09', '22:38:38', 20, 3, 5, NULL, '291622', 0),
(764, '2023-08-09', '00:38:38', 20, 3, 5, NULL, '697862', 0),
(765, '2023-08-09', '02:38:37', 20, 3, 5, NULL, '209874', 0),
(766, '2023-08-09', '04:38:38', 20, 3, 5, NULL, '767182', 0),
(767, '2023-08-09', '06:38:38', 20, 3, 5, NULL, '332475', 0),
(768, '2023-08-09', '08:38:37', 20, 3, 5, NULL, '597169', 0),
(769, '2023-08-09', '10:38:37', 20, 3, 5, NULL, '912080', 0),
(770, '2023-08-09', '12:38:37', 20, 3, 5, NULL, '197804', 0),
(771, '2023-08-09', '14:38:37', 20, 3, 5, NULL, '648347', 0),
(772, '2023-08-09', '16:38:38', 20, 3, 5, NULL, '816249', 0),
(773, '2023-08-09', '18:38:37', 20, 3, 5, NULL, '482715', 0),
(774, '2023-08-09', '20:38:37', 20, 3, 5, NULL, '190692', 0),
(775, '2023-09-09', '00:38:37', 20, 3, 5, NULL, '771765', 0),
(776, '2023-09-09', '02:38:37', 20, 3, 5, NULL, '200691', 0),
(777, '2023-09-09', '04:38:38', 20, 3, 5, NULL, '700390', 0),
(778, '2023-09-09', '06:38:38', 20, 3, 5, NULL, '968290', 0),
(779, '2023-09-09', '10:38:37', 20, 3, 5, NULL, '209738', 0),
(780, '2023-09-09', '12:38:37', 20, 3, 5, NULL, '882283', 0),
(781, '2023-09-09', '14:38:39', 20, 3, 5, NULL, '868573', 0),
(782, '2023-09-09', '16:38:37', 20, 3, 5, NULL, '895588', 0),
(783, '2023-09-09', '18:38:38', 20, 3, 5, NULL, '729680', 0),
(784, '2023-09-09', '20:38:38', 20, 3, 5, NULL, '467709', 0),
(785, '2023-09-09', '22:38:38', 20, 3, 5, NULL, '591444', 0),
(786, '2023-10-09', '00:38:37', 20, 3, 5, NULL, '151223', 0),
(787, '2023-10-09', '02:38:38', 20, 3, 5, NULL, '720535', 0),
(788, '2023-10-09', '04:38:37', 20, 3, 5, NULL, '251262', 0),
(789, '2023-10-09', '06:38:37', 20, 3, 5, NULL, '991247', 0),
(790, '2023-10-09', '10:38:38', 20, 3, 5, NULL, '867767', 0),
(791, '2023-10-09', '12:38:37', 20, 3, 5, NULL, '990586', 0),
(792, '2023-10-09', '14:38:38', 20, 3, 5, NULL, '226337', 0),
(793, '2023-10-09', '16:38:37', 20, 3, 5, NULL, '164389', 0),
(794, '2023-10-09', '18:38:38', 20, 3, 5, NULL, '151141', 0),
(795, '2023-10-09', '20:38:37', 20, 3, 5, NULL, '143264', 0),
(796, '2023-10-09', '22:38:37', 20, 3, 5, NULL, '577507', 0),
(797, '2023-11-09', '02:38:37', 20, 3, 5, NULL, '684544', 0),
(798, '2023-11-09', '04:38:38', 20, 3, 5, NULL, '944690', 0),
(799, '2023-11-09', '06:38:38', 20, 3, 5, NULL, '506366', 0),
(800, '2023-11-09', '08:38:37', 20, 3, 5, NULL, '572317', 0),
(801, '2023-11-09', '10:38:38', 20, 3, 5, NULL, '809456', 0),
(802, '2023-11-09', '14:38:38', 20, 3, 5, NULL, '120511', 0),
(803, '2023-11-09', '16:38:40', 20, 3, 5, NULL, '191272', 0),
(804, '2023-11-09', '18:38:37', 20, 3, 5, NULL, '404398', 0),
(805, '2023-11-09', '20:38:37', 20, 3, 5, NULL, '154204', 0),
(806, '2023-11-09', '22:38:38', 20, 3, 5, NULL, '303761', 0),
(807, '2023-12-09', '00:38:38', 20, 3, 5, NULL, '194809', 0),
(808, '2023-12-09', '02:38:38', 20, 3, 5, NULL, '929818', 0),
(809, '2023-12-09', '04:38:38', 20, 3, 5, NULL, '131758', 0),
(810, '2023-12-09', '06:38:37', 20, 3, 5, NULL, '659260', 0),
(811, '2023-12-09', '08:38:37', 20, 3, 5, NULL, '482984', 0),
(812, '2023-12-09', '10:38:37', 20, 3, 5, NULL, '749887', 0),
(813, '2023-12-09', '12:38:38', 20, 3, 5, NULL, '846908', 0),
(814, '2023-12-09', '14:38:37', 20, 3, 5, NULL, '145096', 0),
(815, '2023-12-09', '16:38:38', 20, 3, 5, NULL, '970169', 0),
(816, '2023-12-09', '18:38:38', 20, 3, 5, NULL, '141544', 0),
(817, '2023-12-09', '20:38:38', 20, 3, 5, NULL, '873184', 0),
(818, '2023-12-09', '22:38:37', 20, 3, 5, NULL, '601094', 0),
(819, '1970-01-01', '00:38:37', 20, 3, 5, NULL, '627858', 0),
(820, '1970-01-01', '02:38:37', 20, 3, 5, NULL, '466174', 0),
(821, '1970-01-01', '04:38:38', 20, 3, 5, NULL, '484469', 0),
(822, '1970-01-01', '06:38:38', 20, 3, 5, NULL, '964011', 0),
(823, '1970-01-01', '08:38:38', 20, 3, 5, NULL, '322776', 0),
(824, '1970-01-01', '10:38:39', 20, 3, 5, NULL, '882596', 0),
(825, '1970-01-01', '12:38:37', 20, 3, 5, NULL, '910797', 0),
(826, '1970-01-01', '14:38:38', 20, 3, 5, NULL, '268032', 0),
(827, '1970-01-01', '16:38:38', 20, 3, 5, NULL, '292329', 0),
(828, '1970-01-01', '18:38:37', 20, 3, 5, NULL, '702428', 0),
(829, '1970-01-01', '20:38:37', 20, 3, 5, NULL, '707249', 0),
(830, '1970-01-01', '22:38:38', 20, 3, 5, NULL, '796140', 0),
(831, '1970-01-01', '00:38:37', 20, 3, 5, NULL, '121530', 0),
(832, '1970-01-01', '02:38:38', 20, 3, 5, NULL, '645524', 0),
(833, '1970-01-01', '04:38:38', 20, 3, 5, NULL, '374338', 0);
INSERT INTO `respostas` (`id_resposta`, `data_resposta`, `hora_resposta`, `pontuacao`, `pesquisa`, `questionario`, `usuario`, `code`, `resgatado`) VALUES
(834, '1970-01-01', '06:38:37', 20, 3, 5, NULL, '585431', 0),
(835, '1970-01-01', '08:38:38', 20, 3, 5, NULL, '901608', 0),
(836, '1970-01-01', '10:38:38', 20, 3, 5, NULL, '280364', 0),
(837, '1970-01-01', '12:38:38', 20, 3, 5, NULL, '210174', 0),
(838, '1970-01-01', '14:38:38', 20, 3, 5, NULL, '296524', 0),
(839, '1970-01-01', '16:38:38', 20, 3, 5, NULL, '506428', 0),
(840, '1970-01-01', '18:38:38', 20, 3, 5, NULL, '817951', 0),
(841, '1970-01-01', '20:38:37', 20, 3, 5, NULL, '487466', 0),
(842, '1970-01-01', '22:38:38', 20, 3, 5, NULL, '172754', 0),
(843, '1970-01-01', '00:38:38', 20, 3, 5, NULL, '592468', 0),
(844, '1970-01-01', '02:38:38', 20, 3, 5, NULL, '680679', 0),
(845, '1970-01-01', '04:38:38', 20, 3, 5, NULL, '913300', 0),
(846, '1970-01-01', '06:38:38', 20, 3, 5, NULL, '792489', 0),
(847, '1970-01-01', '08:38:38', 20, 3, 5, NULL, '279697', 0),
(848, '1970-01-01', '10:38:37', 20, 3, 5, NULL, '815238', 0),
(849, '1970-01-01', '14:38:37', 20, 3, 5, NULL, '969589', 0),
(850, '1970-01-01', '16:38:38', 20, 3, 5, NULL, '264506', 0),
(851, '1970-01-01', '18:38:38', 20, 3, 5, NULL, '359166', 0),
(852, '1970-01-01', '20:38:37', 20, 3, 5, NULL, '949210', 0),
(853, '1970-01-01', '22:38:38', 20, 3, 5, NULL, '157838', 0),
(854, '1970-01-01', '02:38:37', 20, 3, 5, NULL, '188266', 0),
(855, '1970-01-01', '04:38:37', 20, 3, 5, NULL, '214400', 0),
(856, '1970-01-01', '06:38:38', 20, 3, 5, NULL, '882869', 0),
(857, '1970-01-01', '08:38:38', 20, 3, 5, NULL, '302005', 0),
(858, '1970-01-01', '10:38:38', 20, 3, 5, NULL, '205014', 0),
(859, '1970-01-01', '12:38:38', 20, 3, 5, NULL, '977368', 0),
(860, '1970-01-01', '14:38:37', 20, 3, 5, NULL, '731881', 0),
(861, '1970-01-01', '16:38:38', 20, 3, 5, NULL, '600877', 0),
(862, '1970-01-01', '18:38:37', 20, 3, 5, NULL, '222306', 0),
(863, '1970-01-01', '20:38:37', 20, 3, 5, NULL, '842788', 0),
(864, '1970-01-01', '22:38:38', 20, 3, 5, NULL, '551349', 0),
(865, '1970-01-01', '00:38:38', 20, 3, 5, NULL, '986145', 0),
(866, '1970-01-01', '02:38:38', 20, 3, 5, NULL, '750149', 0),
(867, '1970-01-01', '04:38:37', 20, 3, 5, NULL, '814642', 0),
(868, '1970-01-01', '06:38:38', 20, 3, 5, NULL, '410033', 0),
(869, '1970-01-01', '08:38:38', 20, 3, 5, NULL, '868873', 0),
(870, '1970-01-01', '10:38:38', 20, 3, 5, NULL, '339474', 0),
(871, '1970-01-01', '12:38:37', 20, 3, 5, NULL, '340899', 0),
(872, '1970-01-01', '14:38:38', 20, 3, 5, NULL, '809167', 0),
(873, '1970-01-01', '16:38:38', 20, 3, 5, NULL, '169573', 0),
(874, '1970-01-01', '18:38:38', 20, 3, 5, NULL, '563741', 0),
(875, '1970-01-01', '20:38:37', 20, 3, 5, NULL, '534778', 0),
(876, '1970-01-01', '22:38:38', 20, 3, 5, NULL, '990850', 0),
(877, '1970-01-01', '00:38:38', 20, 3, 5, NULL, '443518', 0),
(878, '1970-01-01', '02:38:38', 20, 3, 5, NULL, '918860', 0),
(879, '1970-01-01', '04:38:38', 20, 3, 5, NULL, '648539', 0),
(880, '1970-01-01', '06:38:38', 20, 3, 5, NULL, '186764', 0),
(881, '1970-01-01', '08:38:39', 20, 3, 5, NULL, '761663', 0),
(882, '1970-01-01', '10:38:39', 20, 3, 5, NULL, '201584', 0),
(883, '1970-01-01', '12:38:38', 20, 3, 5, NULL, '273633', 0),
(884, '1970-01-01', '14:38:38', 20, 3, 5, NULL, '833821', 0),
(885, '1970-01-01', '16:38:39', 20, 3, 5, NULL, '700423', 0),
(886, '1970-01-01', '18:38:38', 20, 3, 5, NULL, '864084', 0),
(887, '1970-01-01', '20:38:37', 20, 3, 5, NULL, '650834', 0),
(888, '1970-01-01', '22:38:37', 20, 3, 5, NULL, '892008', 0),
(889, '1970-01-01', '00:38:39', 20, 3, 5, NULL, '908775', 0),
(890, '1970-01-01', '02:38:38', 20, 3, 5, NULL, '909128', 0),
(891, '1970-01-01', '04:38:37', 20, 3, 5, NULL, '227914', 0),
(892, '1970-01-01', '06:38:37', 20, 3, 5, NULL, '246638', 0),
(893, '1970-01-01', '08:38:38', 20, 3, 5, NULL, '315555', 0),
(894, '1970-01-01', '10:38:38', 20, 3, 5, NULL, '850481', 0),
(895, '1970-01-01', '14:38:38', 20, 3, 5, NULL, '109002', 0),
(896, '1970-01-01', '16:38:37', 20, 3, 5, NULL, '308868', 0),
(897, '1970-01-01', '18:38:38', 20, 3, 5, NULL, '543003', 0),
(898, '1970-01-01', '20:38:37', 20, 3, 5, NULL, '732747', 0),
(899, '1970-01-01', '22:38:38', 20, 3, 5, NULL, '308593', 0),
(900, '1970-01-01', '00:38:38', 20, 3, 5, NULL, '901575', 0),
(901, '1970-01-01', '02:38:37', 20, 3, 5, NULL, '231769', 0),
(902, '1970-01-01', '04:38:37', 20, 3, 5, NULL, '308378', 0),
(903, '1970-01-01', '06:38:37', 20, 3, 5, NULL, '222944', 0),
(904, '1970-01-01', '08:38:38', 20, 3, 5, NULL, '993939', 0),
(905, '1970-01-01', '10:38:38', 20, 3, 5, NULL, '433251', 0),
(906, '1970-01-01', '12:38:40', 20, 3, 5, NULL, '391079', 0),
(907, '1970-01-01', '14:38:37', 20, 3, 5, NULL, '637609', 0),
(908, '1970-01-01', '16:38:37', 20, 3, 5, NULL, '164876', 0),
(909, '1970-01-01', '18:38:38', 20, 3, 5, NULL, '905847', 0),
(910, '1970-01-01', '20:38:37', 20, 3, 5, NULL, '708810', 0),
(911, '1970-01-01', '22:38:38', 20, 3, 5, NULL, '990015', 0),
(912, '1970-01-01', '00:38:38', 20, 3, 5, NULL, '566463', 0),
(913, '1970-01-01', '02:38:37', 20, 3, 5, NULL, '538779', 0),
(914, '1970-01-01', '04:38:38', 20, 3, 5, NULL, '428066', 0),
(915, '1970-01-01', '06:38:37', 20, 3, 5, NULL, '362959', 0),
(916, '1970-01-01', '08:38:37', 20, 3, 5, NULL, '763953', 0),
(917, '1970-01-01', '10:38:37', 20, 3, 5, NULL, '988095', 0),
(918, '1970-01-01', '12:38:37', 20, 3, 5, NULL, '806469', 0),
(919, '1970-01-01', '14:38:38', 20, 3, 5, NULL, '534125', 0),
(920, '1970-01-01', '16:38:37', 20, 3, 5, NULL, '322900', 0),
(921, '1970-01-01', '18:38:37', 20, 3, 5, NULL, '200902', 0),
(922, '1970-01-01', '20:38:38', 20, 3, 5, NULL, '393496', 0),
(923, '1970-01-01', '22:38:37', 20, 3, 5, NULL, '460673', 0),
(924, '1970-01-01', '00:38:37', 20, 3, 5, NULL, '847665', 0),
(925, '1970-01-01', '02:38:37', 20, 3, 5, NULL, '398991', 0),
(926, '1970-01-01', '04:38:37', 20, 3, 5, NULL, '677808', 0),
(927, '1970-01-01', '06:38:38', 20, 3, 5, NULL, '618228', 0),
(928, '1970-01-01', '08:38:38', 20, 3, 5, NULL, '735077', 0),
(929, '1970-01-01', '10:38:37', 20, 3, 5, NULL, '450719', 0),
(930, '1970-01-01', '12:38:37', 20, 3, 5, NULL, '952349', 0),
(931, '1970-01-01', '14:38:38', 20, 3, 5, NULL, '805936', 0),
(932, '1970-01-01', '16:38:38', 20, 3, 5, NULL, '774535', 0),
(933, '1970-01-01', '18:38:37', 20, 3, 5, NULL, '606220', 0),
(934, '1970-01-01', '20:38:38', 20, 3, 5, NULL, '314999', 0),
(935, '1970-01-01', '00:38:37', 20, 3, 5, NULL, '982948', 0),
(936, '1970-01-01', '02:38:37', 20, 3, 5, NULL, '749846', 0),
(937, '1970-01-01', '04:38:38', 20, 3, 5, NULL, '608159', 0),
(938, '1970-01-01', '06:38:37', 20, 3, 5, NULL, '903819', 0),
(939, '1970-01-01', '08:38:37', 20, 3, 5, NULL, '391634', 0),
(940, '1970-01-01', '10:38:37', 20, 3, 5, NULL, '670411', 0),
(941, '1970-01-01', '12:38:37', 20, 3, 5, NULL, '761184', 0),
(942, '1970-01-01', '14:38:37', 20, 3, 5, NULL, '675198', 0),
(943, '1970-01-01', '16:38:37', 20, 3, 5, NULL, '157035', 0),
(944, '1970-01-01', '18:38:37', 20, 3, 5, NULL, '316074', 0),
(945, '1970-01-01', '20:38:37', 20, 3, 5, NULL, '631936', 0),
(946, '1970-01-01', '22:38:37', 20, 3, 5, NULL, '481852', 0),
(947, '1970-01-01', '00:38:37', 20, 3, 5, NULL, '935648', 0),
(948, '1970-01-01', '02:38:37', 20, 3, 5, NULL, '557011', 0),
(949, '1970-01-01', '04:38:37', 20, 3, 5, NULL, '750617', 0),
(950, '1970-01-01', '06:38:37', 20, 3, 5, NULL, '366105', 0),
(951, '1970-01-01', '08:38:38', 20, 3, 5, NULL, '130814', 0),
(952, '1970-01-01', '10:38:38', 20, 3, 5, NULL, '328178', 0),
(953, '1970-01-01', '12:38:37', 20, 3, 5, NULL, '169733', 0),
(954, '1970-01-01', '14:38:37', 20, 3, 5, NULL, '875650', 0),
(955, '1970-01-01', '16:38:39', 20, 3, 5, NULL, '972639', 0),
(956, '1970-01-01', '18:38:37', 20, 3, 5, NULL, '948052', 0),
(957, '1970-01-01', '20:38:37', 20, 3, 5, NULL, '290621', 0),
(958, '1970-01-01', '00:38:37', 20, 3, 5, NULL, '846433', 0),
(959, '1970-01-01', '02:38:37', 20, 3, 5, NULL, '135843', 0),
(960, '1970-01-01', '04:38:37', 20, 3, 5, NULL, '161103', 0),
(961, '1970-01-01', '06:38:37', 20, 3, 5, NULL, '426648', 0),
(962, '1970-01-01', '08:38:37', 20, 3, 5, NULL, '924735', 0),
(963, '1970-01-01', '10:38:37', 20, 3, 5, NULL, '650966', 0),
(964, '1970-01-01', '12:38:37', 20, 3, 5, NULL, '965294', 0),
(965, '1970-01-01', '14:38:37', 20, 3, 5, NULL, '669877', 0),
(966, '1970-01-01', '16:38:37', 20, 3, 5, NULL, '749588', 0),
(967, '1970-01-01', '18:38:37', 20, 3, 5, NULL, '480371', 0),
(968, '1970-01-01', '20:38:38', 20, 3, 5, NULL, '691635', 0),
(969, '1970-01-01', '22:38:38', 20, 3, 5, NULL, '587366', 0),
(970, '1970-01-01', '00:38:37', 20, 3, 5, NULL, '539710', 0),
(971, '1970-01-01', '02:38:38', 20, 3, 5, NULL, '917123', 0),
(972, '1970-01-01', '04:38:37', 20, 3, 5, NULL, '202559', 0),
(973, '1970-01-01', '06:38:37', 20, 3, 5, NULL, '273260', 0),
(974, '1970-01-01', '08:38:37', 20, 3, 5, NULL, '684814', 0),
(975, '1970-01-01', '10:38:38', 20, 3, 5, NULL, '634232', 0),
(976, '1970-01-01', '12:38:38', 20, 3, 5, NULL, '322934', 0),
(977, '1970-01-01', '14:38:37', 20, 3, 5, NULL, '216696', 0),
(978, '1970-01-01', '16:38:37', 20, 3, 5, NULL, '579090', 0),
(979, '1970-01-01', '18:38:38', 20, 3, 5, NULL, '757239', 0),
(980, '1970-01-01', '20:38:38', 20, 3, 5, NULL, '355487', 0),
(981, '1970-01-01', '22:38:38', 20, 3, 5, NULL, '785336', 0),
(982, '1970-01-01', '00:38:37', 20, 3, 5, NULL, '341471', 0),
(983, '1970-01-01', '02:38:38', 20, 3, 5, NULL, '201093', 0),
(984, '1970-01-01', '06:38:38', 20, 3, 5, NULL, '943149', 0),
(985, '1970-01-01', '08:38:37', 20, 3, 5, NULL, '438748', 0),
(986, '1970-01-01', '10:38:37', 20, 3, 5, NULL, '525895', 0),
(987, '1970-01-01', '12:38:37', 20, 3, 5, NULL, '375716', 0),
(988, '1970-01-01', '14:38:38', 20, 3, 5, NULL, '287547', 0),
(989, '1970-01-01', '16:38:37', 20, 3, 5, NULL, '459925', 0),
(990, '1970-01-01', '18:38:37', 20, 3, 5, NULL, '589148', 0),
(991, '1970-01-01', '20:38:37', 20, 3, 5, NULL, '613621', 0),
(992, '1970-01-01', '22:38:37', 20, 3, 5, NULL, '897653', 0),
(993, '1970-01-01', '00:38:37', 20, 3, 5, NULL, '520197', 0),
(994, '1970-01-01', '02:38:37', 20, 3, 5, NULL, '382660', 0),
(995, '1970-01-01', '04:38:37', 20, 3, 5, NULL, '942870', 0),
(996, '1970-01-01', '06:38:38', 20, 3, 5, NULL, '927466', 0),
(997, '1970-01-01', '08:38:37', 20, 3, 5, NULL, '368622', 0),
(998, '1970-01-01', '10:38:39', 20, 3, 5, NULL, '999816', 0),
(999, '1970-01-01', '12:38:38', 20, 3, 5, NULL, '683372', 0),
(1000, '1970-01-01', '14:38:38', 20, 3, 5, NULL, '397685', 0),
(1001, '1970-01-01', '16:38:38', 20, 3, 5, NULL, '257944', 0),
(1002, '1970-01-01', '18:38:38', 20, 3, 5, NULL, '882415', 0),
(1003, '1970-01-01', '20:38:38', 20, 3, 5, NULL, '985760', 0),
(1004, '1970-01-01', '22:38:37', 20, 3, 5, NULL, '731591', 0),
(1005, '1970-01-01', '00:38:38', 20, 3, 5, NULL, '326997', 0),
(1006, '1970-01-01', '02:38:38', 20, 3, 5, NULL, '352825', 0),
(1007, '1970-01-01', '04:38:38', 20, 3, 5, NULL, '867765', 0),
(1008, '1970-01-01', '06:38:37', 20, 3, 5, NULL, '464351', 0),
(1009, '1970-01-01', '08:38:37', 20, 3, 5, NULL, '568260', 0),
(1010, '1970-01-01', '10:38:39', 20, 3, 5, NULL, '840361', 0),
(1011, '1970-01-01', '12:38:37', 20, 3, 5, NULL, '965188', 0),
(1012, '1970-01-01', '14:38:37', 20, 3, 5, NULL, '108901', 0),
(1013, '1970-01-01', '16:38:38', 20, 3, 5, NULL, '861723', 0),
(1014, '1970-01-01', '18:38:38', 20, 3, 5, NULL, '449411', 0),
(1015, '1970-01-01', '20:38:37', 20, 3, 5, NULL, '412138', 0),
(1016, '1970-01-01', '22:38:37', 20, 3, 5, NULL, '937906', 0),
(1017, '1970-01-01', '00:38:37', 20, 3, 5, NULL, '606010', 0),
(1018, '1970-01-01', '02:38:37', 20, 3, 5, NULL, '788173', 0),
(1019, '1970-01-01', '04:38:39', 20, 3, 5, NULL, '408648', 0),
(1020, '1970-01-01', '06:38:37', 20, 3, 5, NULL, '526294', 0),
(1021, '1970-01-01', '08:38:38', 20, 3, 5, NULL, '245612', 0),
(1022, '1970-01-01', '10:38:37', 20, 3, 5, NULL, '425017', 0),
(1023, '1970-01-01', '12:38:38', 20, 3, 5, NULL, '229845', 0),
(1024, '1970-01-01', '14:38:38', 20, 3, 5, NULL, '652080', 0),
(1025, '1970-01-01', '16:38:37', 20, 3, 5, NULL, '337912', 0),
(1026, '1970-01-01', '18:38:38', 20, 3, 5, NULL, '559826', 0),
(1027, '1970-01-01', '20:38:38', 20, 3, 5, NULL, '289344', 0),
(1028, '1970-01-01', '22:38:38', 20, 3, 5, NULL, '162030', 0),
(1029, '2023-01-10', '00:38:38', 20, 3, 5, NULL, '876659', 0),
(1030, '2023-01-10', '02:38:38', 20, 3, 5, NULL, '602503', 0),
(1031, '2023-01-10', '04:38:38', 20, 3, 5, NULL, '484553', 0),
(1032, '2023-01-10', '06:38:37', 20, 3, 5, NULL, '358977', 0),
(1033, '2023-01-10', '08:38:37', 20, 3, 5, NULL, '706622', 0),
(1034, '2023-01-10', '10:38:37', 20, 3, 5, NULL, '194553', 0),
(1035, '2023-01-10', '12:38:37', 20, 3, 5, NULL, '365181', 0);

-- --------------------------------------------------------

--
-- Estrutura para tabela `tabletop`
--

CREATE TABLE `tabletop` (
  `id_tabletop` int(11) NOT NULL,
  `id_usuario` int(11) NOT NULL,
  `posicao` int(11) NOT NULL DEFAULT 0,
  `ch` int(11) NOT NULL DEFAULT 0
) ENGINE=InnoDB DEFAULT CHARSET=utf8 COLLATE=utf8_general_ci;

--
-- Despejando dados para a tabela `tabletop`
--

INSERT INTO `tabletop` (`id_tabletop`, `id_usuario`, `posicao`, `ch`) VALUES
(1, 17, 6, 0),
(2, 18, 0, 0),
(3, 19, 0, 0),
(4, 20, 0, 0),
(6, 26, 0, 0),
(7, 27, 0, 0),
(8, 28, 0, 0),
(9, 29, 0, 0),
(10, 30, 0, 0),
(11, 31, 0, 0),
(12, 32, 0, 0),
(13, 33, 0, 0),
(14, 34, 0, 0),
(15, 35, 0, 0),
(16, 36, 0, 0),
(17, 37, 0, 0),
(18, 38, 0, 0),
(19, 39, 0, 0),
(20, 40, 0, 1),
(22, 48, 0, 0),
(23, 49, 0, 0),
(24, 57, 0, 0),
(25, 58, 0, 0),
(26, 59, 0, 0);

-- --------------------------------------------------------

--
-- Estrutura para tabela `temas`
--

CREATE TABLE `temas` (
  `id_tema` int(11) NOT NULL,
  `tema` varchar(50) CHARACTER SET utf8 COLLATE utf8_general_ci NOT NULL
) ENGINE=InnoDB DEFAULT CHARSET=latin1 COLLATE=latin1_swedish_ci;

--
-- Despejando dados para a tabela `temas`
--

INSERT INTO `temas` (`id_tema`, `tema`) VALUES
(1, 'Design'),
(2, 'Experiência do Usuário'),
(3, 'Usabilidade'),
(4, 'Dispositivos Inteligentes'),
(5, 'Design Centrado no Usuário'),
(6, 'Audiovisual'),
(7, 'Jogos'),
(8, 'Inteligência Artificial'),
(9, 'Motivação'),
(10, 'Interfaces');

-- --------------------------------------------------------

--
-- Estrutura para tabela `temas_questionario`
--

CREATE TABLE `temas_questionario` (
  `id_tema_quest` int(11) NOT NULL,
  `id_questionario` int(11) NOT NULL,
  `id_tema` int(11) NOT NULL
) ENGINE=InnoDB DEFAULT CHARSET=latin1 COLLATE=latin1_swedish_ci;

--
-- Despejando dados para a tabela `temas_questionario`
--

INSERT INTO `temas_questionario` (`id_tema_quest`, `id_questionario`, `id_tema`) VALUES
(1, 1, 2),
(2, 1, 3),
(3, 1, 10),
(4, 2, 1),
(5, 2, 3),
(6, 2, 5),
(7, 3, 9),
(8, 4, 1),
(9, 4, 2),
(10, 4, 3),
(11, 5, 2),
(12, 5, 8);

-- --------------------------------------------------------

--
-- Estrutura para tabela `usuarios`
--

CREATE TABLE `usuarios` (
  `id_usuario` int(11) NOT NULL,
  `name` varchar(255) CHARACTER SET utf8 COLLATE utf8_general_ci NOT NULL,
  `nickname` varchar(30) CHARACTER SET utf8 COLLATE utf8_general_ci NOT NULL,
  `email` varchar(50) CHARACTER SET utf8 COLLATE utf8_general_ci NOT NULL,
  `password` varchar(255) CHARACTER SET utf8 COLLATE utf8_general_ci NOT NULL,
  `custom` int(11) NOT NULL DEFAULT 1,
  `data_nascimento` varchar(30) CHARACTER SET utf8 COLLATE utf8_general_ci DEFAULT NULL,
  `genero` varchar(255) CHARACTER SET utf8 COLLATE utf8_general_ci DEFAULT NULL,
  `escolaridade` varchar(255) CHARACTER SET utf8 COLLATE utf8_general_ci DEFAULT NULL,
  `pontos` int(11) DEFAULT NULL
) ENGINE=InnoDB DEFAULT CHARSET=latin1 COLLATE=latin1_swedish_ci;

--
-- Despejando dados para a tabela `usuarios`
--

INSERT INTO `usuarios` (`id_usuario`, `name`, `nickname`, `email`, `password`, `custom`, `data_nascimento`, `genero`, `escolaridade`, `pontos`) VALUES
(1, 'Bruno', 'bruninho', 'bruninho@gmail.com', 'bruno123', 1, '2004-05-28', 'M', 'Ensino Superior Completo', 0),
(3, 'Vitoria', 'Jessica', 'vitorinhadopapoco@gmail.com', '$2y$10$XlrMiOktqSdcS0OcqJtSxe7s2u2Y5MloUF5sKsd6J3jO.10kr74jW', 1, '2023-05-08', '1', '2', 0),
(6, 'Victorasdas', 'asdasdda', 'minecraftgrattis1@gmail.com', '12345', 1, '2023-05-22', '3', '3', 0),
(7, 'Victor', 'tatata', 'victor@gmail.com', '12345', 1, '2023-05-17', '2', '3', 0),
(8, 'Victor', 'asdasdasdas', 'asd@gmail.com', '12345', 1, '2023-05-18', '2', '3', 0),
(9, 'layna', 'layna', 'layna@gmail.com', 'layna123', 1, '2023-05-25', '3', '4', 0),
(10, 'Jessica', 'Avie_A_Designer', 'vitorajessica.vjvs@gmail.com', '12345', 1, '2023-05-03', '2', '3', 0),
(11, 'Victor', 'Emanuel', 'emanuel@gmail.com', '12345', 1, '2023-05-25', '2', '4', 0),
(12, 'Maria', 'Clara', 'mariaclara@gmail.com', '12345', 1, '2004-08-04', '2', '3', 0),
(13, 'Júlia Menezes', 'JulinhaPVP', 'julinha@gmail.com', '$2y$10$I0ldwAUuuz8e.peGG99niuChJHPRiR55pJobGGpRu7frlXrIXbehy', 1, '2023-01-12', '2', '5', 0),
(15, 'Luiz Gonzaga Santos Filho', 'Bradock_3105', 'luisgonzaga@alu.ufc.br', '$2y$10$jb3lJP0bLNC1ljW2CLk7OeNLL.l5SFK/hl/6fXCIHCcdBAv2ptSBe', 1, '1995-05-31', 'Masculino', 'Pós-Graduação', 0),
(16, 'Luiz Gonzaga dos Santos Filho', 'Bradock3105', 'luizgonzaga@alu.ufc.br', '$2y$10$YEmwR9qA7StEVDrrPpxpgOgFUturaJuGt0898LnXYCkbsJuH32tIK', 1, '1995-05-31', 'Masculino', 'Pós-Graduação', 0),
(17, 'Maria Leticia Barros Nepomuceno', 'Letinepo', 'letinepo@gmail.com', '$2y$10$jGQp3mWadzE.BCapw2vfH.EZclnU8v1BMeD9uZZyC5iLyBJgTo4kS', 4, '2003-12-30', 'Feminino', 'Ensino Superior Incompleto', 0),
(18, 'Victor Emanuel Silva', 'Vitao', 'victoremanuel.vet6@gmail.com', '$2y$10$c2dg1GV9v96SHwfG19L/FOhct6i.8F9yYTwpY7.xHonEUwP.XZTIe', 1, '2006-03-31', 'Masculino', 'Ensino Superior Incompleto', 0),
(19, 'Lucas da Silva', 'Luquinhas', 'lucasjsf@gmail.com', '$2y$10$5l08faGtpcQFfinmuLtHW.Rp.LKqg8qNiAPvA.cTg51hLK962sRlu', 1, '1999-08-31', 'Masculino', 'Sem escolaridade', 0),
(20, 'Lucioano Silva', 'Luciano', 'victoremanuel.vet5@hotmail.com', '$2y$10$Gnv.LWnWhg4I7yyC8nNngeOakoWTa6WQaItH19d5g.L9FayKH.4ru', 1, '2001-04-25', 'Masculino', 'Ensino Fundamental Incompleto', 0),
(26, 'Carlos Filho', 'Carlos5', 'carasdalosjunior356@hotmail.com', '$2y$10$z/WMhux1hYqVh8JwjWmBzu7pSZtu4ae/TJF2plejbqYiB/PJxA2SO', 1, '2004-03-30', 'Masculino', 'Ensino Fundamental Incompleto', 0),
(27, 'Maria Filha', 'Marina3', 'marinhasilvar356@hotmail.com', '$2y$10$3ypUdyFvEiEvWfT6x8ODD.BVguKxN2coASunsqhDTPuvSvFon6SH.', 1, '2004-03-30', 'Feminino', 'Ensino Fundamental Incompleto', 0),
(28, 'Maria Filha', 'Mardina3', 'marinhasildvar356@hotmail.com', '$2y$10$GjYYq.8LoUBuaGJk/0yv3u/SrcOIK7bi2hCizszEQY7zuYTPFw/Oa', 1, '2004-03-30', 'Feminino', 'Ensino Fundamental Incompleto', 0),
(29, 'Maria Filha', 'Mardinaa3', 'marinhasialdvar356@hotmail.com', '$2y$10$oj7CgghkD.okAJrzOJaHfuB1D39..rNACYScD0PABer4jqz.v/GaG', 1, '2004-03-30', 'Feminino', 'Ensino Fundamental Incompleto', 0),
(30, 'Maria Filha', 'Mardinaa3d', 'maarinhasialdvar356@hotmail.com', '$2y$10$KLZmcsqjwUEcK17D1I6P9.AvQKqVf4JfipeePG5/m9yr/3LzrlFNS', 1, '2004-03-30', 'Feminino', 'Ensino Fundamental Incompleto', 0),
(31, 'Maria Filha', 'Masdardinaa3d', 'masaarinhasialdvar356@hotmail.com', '$2y$10$FnxuYeHAFVFGPn0yeP/RaugdcBIXlv2vfbLxOMdMmVDVpOcomx7RC', 1, '2004-03-30', 'Feminino', 'Ensino Fundamental Incompleto', 0),
(32, 'Vitória Jessica Vasconcelos dos Santos', 'avie', 'eb1vitoriajessica@gmail.com', '$2y$10$G1gCj6LMIvZRIqi.B5v4PuLabrsbRZIPimG1Cxd.6OEi940E8AkTS', 5, '2002-07-16', 'Feminino', 'Ensino Superior Incompleto', 0),
(33, 'Victaozinho Silva Abravanel', 'Vitaozinho', 'vitaozinho@gmail.com', '$2y$10$TNWpt7fHnUGKWw8VDRg9B.ZI9/c.UZKz93T0No1YpqX1o7KOV2Wlu', 1, '1999-12-31', 'Masculino', 'Pós-Graduação', 0),
(34, 'Victor Emanuel Tomaz das Neves', 'VitinhoZao', 'victoremanuel.vetn@alu.ufc.com', '$2y$10$hYKPyNlYPtS5KGOwJKYoJeX88hfjDRxKF9TIj7.1MRyxHiPZMeEFO', 1, '2004-05-28', 'Masculino', 'Ensino Superior Incompleto', 0),
(35, 'Teste da Silva Lima Costa', 'Testandoasdasd', 'testendo2@gmail.com', '$2y$10$k/SPhOPza6bQFERFSb0kh.HWaNeJMUMx6wzXRdkRs4ykKDE7Gf.3C', 1, '2003-03-21', 'Outro', 'Ensino Superior Incompleto', 0),
(36, 'Maria Filha', 'Masdardinaas3d', 'madsasaarinhasialdvar356@hotmail.com', '$2y$10$gu7JQdnmfurVGmQuOktKEeThE6gG8x00iRjT88vDZ7igf7W5JyWda', 1, '2004-03-30', 'Feminino', 'Ensino Fundamental Incompleto', 0),
(37, 'Mickael Pereira', 'Mickael310504', 'mickaelcastro1505@gmail.com', '$2y$10$2uXWcFF6RjvOM7WqWc4Tme2u9Fv1oYBWVbyrPYsF0y9HGcDjrT32u', 1, '0004-05-31', 'Masculino', 'Ensino Superior Incompleto', 0),
(38, 'Mickael Pereira', 'Mickas', 'mickaelcastro15@gmail.com', '$2y$10$6HmisXZtbl6T/JddpaDrIePE8E0M90tS9fwpKEOXu2yp7e53yO2dy', 6, '2004-05-31', 'Masculino', 'Ensino Superior Incompleto', 0),
(39, 'Teste da Silva Lima Costa', 'Victorasds', 'teslkmasl@gmail.com', '$2y$10$0PkiL0qUEntEYT8qnxuWnO0dYh73/I89wsD3/QZoWigkfiIJExcN6', 1, '2003-04-23', 'Masculino', 'default', 0),
(40, 'Victor Emanuel Tomaz das Neves', 'Victor', 'victoremanuel.vet8@gmail.com', '$2y$10$Dq6E8sZ7Z2EwXbglt69WD.XUyWPGIMlV9zq//M5G9pKVanZkgk/Ga', 6, '2004-05-28', 'Masculino', 'Ensino Superior Incompleto', 40),
(48, 'Quests', 'Quests', 'quests.linos@gmail.com', '$2y$10$NQRyxxZvAmJEXacb1sdrU.EV1TVhQCO4SLfxiAEXFDNNAcwWYLoDq', 2, '2023-07-10', 'Outro', 'Ensino Superior Incompleto', 20),
(49, 'Juan', 'juanbrsl', 'juanoliveirabrasil2004@gmail.com', '$2y$10$2oMuPcBOOX3VzdfVqlZUFumVkinTxApYcL7a9wkmDe8YpnUSadw7a', 4, '2004-08-17', 'Masculino', 'Ensino Superior Incompleto', 0),
(57, 'Maria de Lourdes Barros Nepomuceno ', 'MariaNepo', 'marianepomuceno43@gmail.com', '$2y$10$m7XjGya2tARFkMAotjjmCuqDDYwpYtEeIAlLbc0Bz7KTkjKNvei7O', 3, '1998-06-12', 'Feminino', 'Ensino Superior Incompleto', 20),
(58, 'Dânia Lima Silva ', 'Dânia', 'danialima72@gmail.com', '$2y$10$lEq3HEdDyb/H9HkKSgBlS.AkL6oWIcXoOUtlq5PZMBbfxe7OGSxQi', 1, '2023-07-23', 'Feminino', 'Ensino Médio Completo', 0),
(59, 'Mickael Castro', 'Mickas1234', 'mickaelcastro1530@gmail.com', '$2y$10$bEsoft0INiPRBcID32fbbuAD1SLOEZl37Yp3FUDiqSLmgCVzmueG.', 1, '2004-05-31', 'Masculino', 'Ensino Superior Incompleto', 0);

-- --------------------------------------------------------

--
-- Estrutura para tabela `usuario_recompensa`
--

CREATE TABLE `usuario_recompensa` (
  `id_usuario_recompensa` int(11) NOT NULL,
  `id_usuario` int(11) NOT NULL,
  `id_recompensa` int(11) NOT NULL
) ENGINE=InnoDB DEFAULT CHARSET=latin1 COLLATE=latin1_swedish_ci;

--
-- Despejando dados para a tabela `usuario_recompensa`
--

INSERT INTO `usuario_recompensa` (`id_usuario_recompensa`, `id_usuario`, `id_recompensa`) VALUES
(1, 1, 1),
(2, 1, 2),
(3, 3, 1);

--
-- Índices para tabelas despejadas
--

--
-- Índices de tabela `certificados`
--
ALTER TABLE `certificados`
  ADD PRIMARY KEY (`id_certificado`),
  ADD KEY `usuario` (`id_usuario`);

--
-- Índices de tabela `historico`
--
ALTER TABLE `historico`
  ADD PRIMARY KEY (`id_historico`),
  ADD KEY `user_response` (`id_usuario`),
  ADD KEY `quest_response` (`id_questionario`);

--
-- Índices de tabela `interesses`
--
ALTER TABLE `interesses`
  ADD PRIMARY KEY (`id_interesse`),
  ADD KEY `id_usuario_idx` (`id_usuario`),
  ADD KEY `id_tema_idx` (`id_tema`);

--
-- Índices de tabela `pesquisas`
--
ALTER TABLE `pesquisas`
  ADD PRIMARY KEY (`id_pesquisa`),
  ADD UNIQUE KEY `titulo` (`titulo`),
  ADD KEY `id_usuario_idx` (`id_usuario`),
  ADD KEY `instituicao` (`instituicao`),
  ADD KEY `instituicao_2` (`instituicao`);

--
-- Índices de tabela `questionarios`
--
ALTER TABLE `questionarios`
  ADD PRIMARY KEY (`id_questionario`),
  ADD UNIQUE KEY `link` (`link`),
  ADD KEY `id_pesquisa_idx` (`id_pesquisa`),
  ADD KEY `instituicao` (`instituicao`),
  ADD KEY `pontuacao` (`pontuacao`);

--
-- Índices de tabela `recompensas`
--
ALTER TABLE `recompensas`
  ADD PRIMARY KEY (`id_recompensa`);

--
-- Índices de tabela `respostas`
--
ALTER TABLE `respostas`
  ADD PRIMARY KEY (`id_resposta`),
  ADD KEY `id_usuario_idx` (`usuario`),
  ADD KEY `id_questionario_idx` (`questionario`),
  ADD KEY `fk_id_pesquisa_idx` (`pesquisa`),
  ADD KEY `pontos` (`pontuacao`);

--
-- Índices de tabela `tabletop`
--
ALTER TABLE `tabletop`
  ADD PRIMARY KEY (`id_tabletop`),
  ADD KEY `id_user` (`id_usuario`);

--
-- Índices de tabela `temas`
--
ALTER TABLE `temas`
  ADD PRIMARY KEY (`id_tema`);

--
-- Índices de tabela `temas_questionario`
--
ALTER TABLE `temas_questionario`
  ADD PRIMARY KEY (`id_tema_quest`),
  ADD KEY `id_questionario_idx` (`id_questionario`),
  ADD KEY `id_tema_idx` (`id_tema`);

--
-- Índices de tabela `usuarios`
--
ALTER TABLE `usuarios`
  ADD PRIMARY KEY (`id_usuario`),
  ADD UNIQUE KEY `email` (`email`),
  ADD UNIQUE KEY `email_2` (`email`),
  ADD UNIQUE KEY `nickname` (`nickname`),
  ADD KEY `perfil` (`custom`);

--
-- Índices de tabela `usuario_recompensa`
--
ALTER TABLE `usuario_recompensa`
  ADD PRIMARY KEY (`id_usuario_recompensa`),
  ADD KEY `id_usuario_idx` (`id_usuario`),
  ADD KEY `id_recompensa_idx` (`id_recompensa`);

--
-- AUTO_INCREMENT para tabelas despejadas
--

--
-- AUTO_INCREMENT de tabela `certificados`
--
ALTER TABLE `certificados`
  MODIFY `id_certificado` int(11) NOT NULL AUTO_INCREMENT, AUTO_INCREMENT=13;

--
-- AUTO_INCREMENT de tabela `historico`
--
ALTER TABLE `historico`
  MODIFY `id_historico` int(11) NOT NULL AUTO_INCREMENT, AUTO_INCREMENT=18;

--
-- AUTO_INCREMENT de tabela `interesses`
--
ALTER TABLE `interesses`
  MODIFY `id_interesse` int(11) NOT NULL AUTO_INCREMENT, AUTO_INCREMENT=239;

--
-- AUTO_INCREMENT de tabela `pesquisas`
--
ALTER TABLE `pesquisas`
  MODIFY `id_pesquisa` int(11) NOT NULL AUTO_INCREMENT, AUTO_INCREMENT=7;

--
-- AUTO_INCREMENT de tabela `questionarios`
--
ALTER TABLE `questionarios`
  MODIFY `id_questionario` int(11) NOT NULL AUTO_INCREMENT, AUTO_INCREMENT=7;

--
-- AUTO_INCREMENT de tabela `recompensas`
--
ALTER TABLE `recompensas`
  MODIFY `id_recompensa` int(11) NOT NULL AUTO_INCREMENT, AUTO_INCREMENT=8;

--
-- AUTO_INCREMENT de tabela `respostas`
--
ALTER TABLE `respostas`
  MODIFY `id_resposta` int(11) NOT NULL AUTO_INCREMENT, AUTO_INCREMENT=1036;

--
-- AUTO_INCREMENT de tabela `tabletop`
--
ALTER TABLE `tabletop`
  MODIFY `id_tabletop` int(11) NOT NULL AUTO_INCREMENT, AUTO_INCREMENT=27;

--
-- AUTO_INCREMENT de tabela `temas`
--
ALTER TABLE `temas`
  MODIFY `id_tema` int(11) NOT NULL AUTO_INCREMENT, AUTO_INCREMENT=11;

--
-- AUTO_INCREMENT de tabela `temas_questionario`
--
ALTER TABLE `temas_questionario`
  MODIFY `id_tema_quest` int(11) NOT NULL AUTO_INCREMENT, AUTO_INCREMENT=13;

--
-- AUTO_INCREMENT de tabela `usuarios`
--
ALTER TABLE `usuarios`
  MODIFY `id_usuario` int(11) NOT NULL AUTO_INCREMENT, AUTO_INCREMENT=60;

--
-- AUTO_INCREMENT de tabela `usuario_recompensa`
--
ALTER TABLE `usuario_recompensa`
  MODIFY `id_usuario_recompensa` int(11) NOT NULL AUTO_INCREMENT, AUTO_INCREMENT=5;

--
-- Restrições para tabelas despejadas
--

--
-- Restrições para tabelas `certificados`
--
ALTER TABLE `certificados`
  ADD CONSTRAINT `usuario` FOREIGN KEY (`id_usuario`) REFERENCES `usuarios` (`id_usuario`);

--
-- Restrições para tabelas `historico`
--
ALTER TABLE `historico`
  ADD CONSTRAINT `quest_response` FOREIGN KEY (`id_questionario`) REFERENCES `questionarios` (`id_questionario`),
  ADD CONSTRAINT `user_response` FOREIGN KEY (`id_usuario`) REFERENCES `usuarios` (`id_usuario`);

--
-- Restrições para tabelas `interesses`
--
ALTER TABLE `interesses`
  ADD CONSTRAINT `fk_id_usuario_tema` FOREIGN KEY (`id_usuario`) REFERENCES `usuarios` (`id_usuario`),
  ADD CONSTRAINT `id_tema_usuario` FOREIGN KEY (`id_tema`) REFERENCES `temas` (`id_tema`);

--
-- Restrições para tabelas `pesquisas`
--
ALTER TABLE `pesquisas`
  ADD CONSTRAINT `id_usuario` FOREIGN KEY (`id_usuario`) REFERENCES `usuarios` (`id_usuario`);

--
-- Restrições para tabelas `questionarios`
--
ALTER TABLE `questionarios`
  ADD CONSTRAINT `id_pesquisa` FOREIGN KEY (`id_pesquisa`) REFERENCES `pesquisas` (`id_pesquisa`),
  ADD CONSTRAINT `instituicao` FOREIGN KEY (`instituicao`) REFERENCES `pesquisas` (`instituicao`);

--
-- Restrições para tabelas `respostas`
--
ALTER TABLE `respostas`
  ADD CONSTRAINT `fk_id_pesquisa` FOREIGN KEY (`pesquisa`) REFERENCES `pesquisas` (`id_pesquisa`),
  ADD CONSTRAINT `fk_id_questionario` FOREIGN KEY (`questionario`) REFERENCES `questionarios` (`id_questionario`),
  ADD CONSTRAINT `fk_id_usuario` FOREIGN KEY (`usuario`) REFERENCES `usuarios` (`id_usuario`),
  ADD CONSTRAINT `pontos` FOREIGN KEY (`pontuacao`) REFERENCES `questionarios` (`pontuacao`);

--
-- Restrições para tabelas `tabletop`
--
ALTER TABLE `tabletop`
  ADD CONSTRAINT `id_user` FOREIGN KEY (`id_usuario`) REFERENCES `usuarios` (`id_usuario`);

--
-- Restrições para tabelas `temas_questionario`
--
ALTER TABLE `temas_questionario`
  ADD CONSTRAINT `fk_id_questionario_tema` FOREIGN KEY (`id_questionario`) REFERENCES `questionarios` (`id_questionario`),
  ADD CONSTRAINT `id_tema` FOREIGN KEY (`id_tema`) REFERENCES `temas` (`id_tema`);

--
-- Restrições para tabelas `usuarios`
--
ALTER TABLE `usuarios`
  ADD CONSTRAINT `perfil` FOREIGN KEY (`custom`) REFERENCES `recompensas` (`id_recompensa`);

--
-- Restrições para tabelas `usuario_recompensa`
--
ALTER TABLE `usuario_recompensa`
  ADD CONSTRAINT `fk_id_usuario_recompensa` FOREIGN KEY (`id_usuario`) REFERENCES `usuarios` (`id_usuario`),
  ADD CONSTRAINT `id_recompensa` FOREIGN KEY (`id_recompensa`) REFERENCES `recompensas` (`id_recompensa`);
COMMIT;

/*!40101 SET CHARACTER_SET_CLIENT=@OLD_CHARACTER_SET_CLIENT */;
/*!40101 SET CHARACTER_SET_RESULTS=@OLD_CHARACTER_SET_RESULTS */;
/*!40101 SET COLLATION_CONNECTION=@OLD_COLLATION_CONNECTION */;
